"";"Store";"StoreType";"Assortment";"CompetitionDistance";"CompetitionOpenSinceMonth";"CompetitionOpenSinceYear";"Promo2";"Promo2SinceWeek";"Promo2SinceYear";"PromoInterval";"CompetitionOpenSince";"States"
"1";1;"c";"a";1270;9;2008;0;NA;NA;"";Sep 2008;"HE"
"2";2;"a";"a";570;11;2007;1;13;2010;"Jan,Apr,Jul,Oct";Nov 2007;"TH"
"3";3;"a";"a";14130;12;2006;1;14;2011;"Jan,Apr,Jul,Oct";Dec 2006;"NW"
"4";4;"c";"c";620;9;2009;0;NA;NA;"";Sep 2009;"HB, NI"
"5";5;"a";"a";29910;NA;NA;0;NA;NA;"";NA;"SN"
"6";6;"a";"a";310;12;2013;0;NA;NA;"";Dec 2013;"SN"
"7";7;"a";"c";24000;4;2013;0;NA;NA;"";Apr 2013;"SH"
"8";8;"a";"a";7520;10;2014;0;NA;NA;"";Oct 2014;"SH"
"9";9;"a";"c";2030;8;2000;0;NA;NA;"";Aug 2000;"NW"
"10";10;"a";"a";3160;9;2009;0;NA;NA;"";Sep 2009;"BE"
"11";11;"a";"c";960;11;2011;1;1;2012;"Jan,Apr,Jul,Oct";Nov 2011;"SH"
"12";12;"a";"c";1070;NA;NA;1;13;2010;"Jan,Apr,Jul,Oct";NA;"SH"
"13";13;"d";"a";310;NA;NA;1;45;2009;"Feb,May,Aug,Nov";NA;"BY"
"14";14;"a";"a";1300;3;2014;1;40;2011;"Jan,Apr,Jul,Oct";Mar 2014;"NW"
"15";15;"d";"c";4110;3;2010;1;14;2011;"Jan,Apr,Jul,Oct";Mar 2010;"SH"
"16";16;"a";"c";3270;NA;NA;0;NA;NA;"";NA;"BW"
"17";17;"a";"a";50;12;2005;1;26;2010;"Jan,Apr,Jul,Oct";Dec 2005;"TH"
"18";18;"d";"c";13840;6;2010;1;14;2012;"Jan,Apr,Jul,Oct";Jun 2010;"TH"
"19";19;"a";"c";3240;NA;NA;1;22;2011;"Mar,Jun,Sept,Dec";NA;"NW"
"20";20;"d";"a";2340;5;2009;1;40;2014;"Jan,Apr,Jul,Oct";May 2009;"BY"
"21";21;"c";"c";550;10;1999;1;45;2009;"Jan,Apr,Jul,Oct";Oct 1999;"BW"
"22";22;"a";"a";1040;NA;NA;1;22;2012;"Jan,Apr,Jul,Oct";NA;"BY"
"23";23;"d";"a";4060;8;2005;0;NA;NA;"";Aug 2005;"RP"
"24";24;"a";"c";4590;3;2000;1;40;2011;"Jan,Apr,Jul,Oct";Mar 2000;"NW"
"25";25;"c";"a";430;4;2003;0;NA;NA;"";Apr 2003;"NW"
"26";26;"d";"a";2300;NA;NA;0;NA;NA;"";NA;"TH"
"27";27;"a";"a";60;1;2005;1;5;2011;"Jan,Apr,Jul,Oct";Jan 2005;"NW"
"28";28;"a";"a";1200;10;2014;1;6;2015;"Mar,Jun,Sept,Dec";Oct 2014;"ST"
"29";29;"d";"c";2170;NA;NA;0;NA;NA;"";NA;"NW"
"30";30;"a";"a";40;2;2014;1;10;2014;"Mar,Jun,Sept,Dec";Feb 2014;"NW"
"31";31;"d";"c";9800;7;2012;0;NA;NA;"";Jul 2012;"SH"
"32";32;"a";"a";2910;NA;NA;1;45;2009;"Feb,May,Aug,Nov";NA;"BY"
"33";33;"a";"c";1320;5;2013;0;NA;NA;"";May 2013;"NW"
"34";34;"c";"a";2240;9;2009;0;NA;NA;"";Sep 2009;"HB, NI"
"35";35;"d";"c";7660;10;2000;1;1;2012;"Jan,Apr,Jul,Oct";Oct 2000;"NW"
"36";36;"a";"c";540;6;2003;1;40;2014;"Jan,Apr,Jul,Oct";Jun 2003;"BY"
"37";37;"c";"a";4230;12;2014;0;NA;NA;"";Dec 2014;"ST"
"38";38;"d";"a";1090;4;2007;0;NA;NA;"";Apr 2007;"NW"
"39";39;"a";"a";260;10;2006;1;31;2013;"Feb,May,Aug,Nov";Oct 2006;"NW"
"40";40;"a";"a";180;NA;NA;1;45;2009;"Feb,May,Aug,Nov";NA;"NW"
"41";41;"d";"c";1180;NA;NA;1;31;2013;"Jan,Apr,Jul,Oct";NA;"BY"
"42";42;"a";"c";290;NA;NA;1;40;2011;"Jan,Apr,Jul,Oct";NA;"NW"
"43";43;"d";"a";4880;NA;NA;1;37;2009;"Jan,Apr,Jul,Oct";NA;"NW"
"44";44;"a";"a";540;6;2011;0;NA;NA;"";Jun 2011;"HB, NI"
"45";45;"d";"a";9710;2;2014;0;NA;NA;"";Feb 2014;"RP"
"46";46;"c";"a";1200;9;2005;1;14;2011;"Jan,Apr,Jul,Oct";Sep 2005;"BY"
"47";47;"a";"c";270;4;2013;1;14;2013;"Jan,Apr,Jul,Oct";Apr 2013;"HH"
"48";48;"a";"a";1060;5;2012;0;NA;NA;"";May 2012;"HH"
"49";49;"d";"c";18010;9;2007;0;NA;NA;"";Sep 2007;"BW"
"50";50;"d";"a";6260;11;2009;0;NA;NA;"";Nov 2009;"RP"
"51";51;"a";"c";10570;7;2013;1;9;2011;"Jan,Apr,Jul,Oct";Jul 2013;"BY"
"52";52;"d";"c";450;4;2014;1;39;2010;"Jan,Apr,Jul,Oct";Apr 2014;"BY"
"53";53;"a";"c";30360;9;2013;0;NA;NA;"";Sep 2013;"SH"
"54";54;"d";"c";7170;8;2014;1;5;2013;"Feb,May,Aug,Nov";Aug 2014;"ST"
"55";55;"a";"a";720;11;2004;0;NA;NA;"";Nov 2004;"SN"
"56";56;"d";"c";6620;3;2012;1;10;2014;"Mar,Jun,Sept,Dec";Mar 2012;"HE"
"57";57;"d";"c";420;6;2014;0;NA;NA;"";Jun 2014;"SN"
"58";58;"a";"c";7340;5;2008;1;27;2012;"Jan,Apr,Jul,Oct";May 2008;"BY"
"59";59;"a";"c";2840;6;2007;1;14;2011;"Jan,Apr,Jul,Oct";Jun 2007;"TH"
"60";60;"d";"c";5540;10;2009;0;NA;NA;"";Oct 2009;"SN"
"61";61;"a";"c";350;12;2007;1;1;2012;"Jan,Apr,Jul,Oct";Dec 2007;"BW"
"62";62;"a";"a";2050;NA;NA;0;NA;NA;"";NA;"NW"
"63";63;"c";"c";3700;6;2010;1;18;2010;"Feb,May,Aug,Nov";Jun 2010;"SH"
"64";64;"d";"c";22560;NA;NA;1;14;2013;"Jan,Apr,Jul,Oct";NA;"NW"
"65";65;"a";"c";13840;5;2010;1;1;2012;"Jan,Apr,Jul,Oct";May 2010;"ST"
"66";66;"d";"a";7660;NA;NA;1;37;2009;"Jan,Apr,Jul,Oct";NA;"BW"
"67";67;"a";"c";410;2;2006;0;NA;NA;"";Feb 2006;"BW"
"68";68;"a";"c";250;NA;NA;1;35;2012;"Mar,Jun,Sept,Dec";NA;"SH"
"69";69;"c";"c";1130;NA;NA;1;40;2011;"Jan,Apr,Jul,Oct";NA;"HE"
"70";70;"c";"c";4840;NA;NA;0;NA;NA;"";NA;"BE"
"71";71;"a";"a";17500;8;2008;1;37;2009;"Mar,Jun,Sept,Dec";Aug 2008;"NW"
"72";72;"a";"a";2200;12;2009;1;13;2010;"Jan,Apr,Jul,Oct";Dec 2009;"BY"
"73";73;"a";"c";1650;9;2008;0;NA;NA;"";Sep 2008;"SH"
"74";74;"a";"a";330;NA;NA;0;NA;NA;"";NA;"NW"
"75";75;"d";"c";22440;12;2013;0;NA;NA;"";Dec 2013;"SH"
"76";76;"d";"c";19960;3;2006;0;NA;NA;"";Mar 2006;"BY"
"77";77;"d";"c";1090;8;2009;1;10;2014;"Jan,Apr,Jul,Oct";Aug 2009;"HE"
"78";78;"a";"a";3510;11;2006;1;5;2013;"Feb,May,Aug,Nov";Nov 2006;"ST"
"79";79;"a";"a";3320;NA;NA;0;NA;NA;"";NA;"BW"
"80";80;"d";"a";7910;NA;NA;0;NA;NA;"";NA;"RP"
"81";81;"a";"a";2370;3;2011;1;40;2014;"Jan,Apr,Jul,Oct";Mar 2011;"BY"
"82";82;"a";"a";22390;4;2008;1;37;2009;"Jan,Apr,Jul,Oct";Apr 2008;"NW"
"83";83;"a";"a";2710;NA;NA;0;NA;NA;"";NA;"NW"
"84";84;"a";"c";11810;8;2014;0;NA;NA;"";Aug 2014;"NW"
"85";85;"b";"a";1870;10;2011;0;NA;NA;"";Oct 2011;"HB, NI"
"86";86;"a";"a";480;2;2005;1;31;2013;"Jan,Apr,Jul,Oct";Feb 2005;"NW"
"87";87;"a";"a";560;12;2010;0;NA;NA;"";Dec 2010;"HB, NI"
"88";88;"a";"a";10690;10;2005;0;NA;NA;"";Oct 2005;"ST"
"89";89;"a";"a";2380;7;2004;1;40;2014;"Jan,Apr,Jul,Oct";Jul 2004;"BY"
"90";90;"a";"a";330;11;2007;0;NA;NA;"";Nov 2007;"NW"
"91";91;"c";"a";2410;NA;NA;1;35;2011;"Jan,Apr,Jul,Oct";NA;"BW"
"92";92;"c";"a";240;NA;NA;1;45;2009;"Feb,May,Aug,Nov";NA;"NW"
"93";93;"a";"a";16690;NA;NA;1;14;2011;"Jan,Apr,Jul,Oct";NA;"NW"
"94";94;"d";"c";14620;NA;NA;0;NA;NA;"";NA;"NW"
"95";95;"a";"a";1890;10;2014;0;NA;NA;"";Oct 2014;"SN"
"96";96;"a";"a";8780;2;2005;1;37;2009;"Jan,Apr,Jul,Oct";Feb 2005;"SN"
"97";97;"d";"c";8980;NA;NA;0;NA;NA;"";NA;"SN"
"98";98;"d";"c";15140;12;2006;1;1;2012;"Jan,Apr,Jul,Oct";Dec 2006;"NW"
"99";99;"c";"c";2030;11;2003;1;22;2012;"Mar,Jun,Sept,Dec";Nov 2003;"BY"
"100";100;"d";"a";17930;NA;NA;0;NA;NA;"";NA;"BY"
"101";101;"d";"c";2440;NA;NA;1;22;2012;"Mar,Jun,Sept,Dec";NA;"SH"
"102";102;"a";"a";150;12;2007;1;10;2014;"Mar,Jun,Sept,Dec";Dec 2007;"NW"
"103";103;"d";"c";5210;NA;NA;0;NA;NA;"";NA;"HB, NI"
"104";104;"a";"a";390;6;2009;0;NA;NA;"";Jun 2009;"HB, NI"
"105";105;"a";"c";6190;NA;NA;1;23;2013;"Mar,Jun,Sept,Dec";NA;"BW"
"106";106;"a";"a";1390;8;2013;0;NA;NA;"";Aug 2013;"HB, NI"
"107";107;"a";"a";1930;9;2009;0;NA;NA;"";Sep 2009;"BE"
"108";108;"d";"c";2190;9;2003;0;NA;NA;"";Sep 2003;"BY"
"109";109;"a";"c";3300;11;2010;0;NA;NA;"";Nov 2010;"SH"
"110";110;"a";"c";46590;4;2013;0;NA;NA;"";Apr 2013;"SH"
"111";111;"d";"c";7890;NA;NA;1;37;2009;"Jan,Apr,Jul,Oct";NA;"HE"
"112";112;"a";"a";1630;9;2009;0;NA;NA;"";Sep 2009;"BE"
"113";113;"d";"c";20930;11;1999;0;NA;NA;"";Nov 1999;"BY"
"114";114;"c";"a";4510;NA;NA;1;48;2011;"Mar,Jun,Sept,Dec";NA;"TH"
"115";115;"d";"c";5740;4;2007;1;40;2014;"Jan,Apr,Jul,Oct";Apr 2007;"BY"
"116";116;"a";"a";680;4;2013;0;NA;NA;"";Apr 2013;"HB, NI"
"117";117;"a";"a";3450;9;2011;0;NA;NA;"";Sep 2011;"NW"
"118";118;"d";"c";3580;9;2012;0;NA;NA;"";Sep 2012;"SH"
"119";119;"a";"c";2100;2;2010;0;NA;NA;"";Feb 2010;"SH"
"120";120;"d";"a";2290;12;2014;1;37;2009;"Jan,Apr,Jul,Oct";Dec 2014;"HE"
"121";121;"a";"a";3570;11;2009;1;36;2013;"Mar,Jun,Sept,Dec";Nov 2009;"SN"
"122";122;"a";"c";58260;4;2013;0;NA;NA;"";Apr 2013;"SH"
"123";123;"a";"a";16760;9;2011;0;NA;NA;"";Sep 2011;"ST"
"124";124;"a";"a";1410;4;2003;0;NA;NA;"";Apr 2003;"NW"
"125";125;"a";"a";760;12;2005;0;NA;NA;"";Dec 2005;"HB, NI"
"126";126;"d";"a";3370;10;2014;1;18;2011;"Feb,May,Aug,Nov";Oct 2014;"NW"
"127";127;"d";"a";1350;12;2005;1;13;2010;"Jan,Apr,Jul,Oct";Dec 2005;"BY"
"128";128;"d";"c";2000;NA;NA;1;1;2013;"Jan,Apr,Jul,Oct";NA;"HE"
"129";129;"a";"a";2460;NA;NA;1;14;2011;"Jan,Apr,Jul,Oct";NA;"BY"
"130";130;"c";"a";900;NA;NA;1;13;2010;"Jan,Apr,Jul,Oct";NA;"HE"
"131";131;"c";"a";920;NA;NA;0;NA;NA;"";NA;"NW"
"132";132;"d";"c";1040;NA;NA;1;27;2012;"Jan,Apr,Jul,Oct";NA;"BY"
"133";133;"a";"a";270;8;2013;1;10;2014;"Mar,Jun,Sept,Dec";Aug 2013;"TH"
"134";134;"a";"a";1200;9;2008;0;NA;NA;"";Sep 2008;"HB, NI"
"135";135;"d";"a";5190;NA;NA;1;1;2013;"Jan,Apr,Jul,Oct";NA;"HE"
"136";136;"a";"c";2200;12;2010;1;22;2012;"Feb,May,Aug,Nov";Dec 2010;"BY"
"137";137;"a";"a";1730;NA;NA;1;40;2014;"Jan,Apr,Jul,Oct";NA;"BY"
"138";138;"a";"c";25360;10;2014;0;NA;NA;"";Oct 2014;"SN"
"139";139;"a";"a";1700;1;2008;1;14;2011;"Jan,Apr,Jul,Oct";Jan 2008;"BY"
"140";140;"a";"c";1090;7;2010;1;1;2013;"Jan,Apr,Jul,Oct";Jul 2010;"HE"
"141";141;"c";"c";1540;NA;NA;1;22;2012;"Mar,Jun,Sept,Dec";NA;"BW"
"142";142;"a";"a";1090;7;2002;0;NA;NA;"";Jul 2002;"NW"
"143";143;"d";"a";2930;12;2002;0;NA;NA;"";Dec 2002;"RP"
"144";144;"a";"c";16570;NA;NA;0;NA;NA;"";NA;"BY"
"145";145;"a";"a";280;NA;NA;1;45;2009;"Feb,May,Aug,Nov";NA;"BY"
"146";146;"d";"c";8050;10;1961;1;48;2012;"Jan,Apr,Jul,Oct";Oct 1961;"NW"
"147";147;"d";"c";8540;NA;NA;0;NA;NA;"";NA;"NW"
"148";148;"a";"a";2090;12;2008;0;NA;NA;"";Dec 2008;"HB, NI"
"149";149;"d";"a";2610;7;2006;1;14;2011;"Jan,Apr,Jul,Oct";Jul 2006;"BY"
"150";150;"c";"c";31830;3;2010;0;NA;NA;"";Mar 2010;"SH"
"151";151;"d";"c";4360;10;2005;0;NA;NA;"";Oct 2005;"ST"
"152";152;"a";"a";1780;NA;NA;0;NA;NA;"";NA;"NW"
"153";153;"a";"a";16240;10;2000;1;18;2011;"Feb,May,Aug,Nov";Oct 2000;"NW"
"154";154;"d";"c";16420;NA;NA;0;NA;NA;"";NA;"HE"
"155";155;"d";"a";3050;NA;NA;1;35;2010;"Jan,Apr,Jul,Oct";NA;"BY"
"156";156;"a";"a";2020;2;2011;1;14;2011;"Mar,Jun,Sept,Dec";Feb 2011;"TH"
"157";157;"a";"c";2950;10;2004;0;NA;NA;"";Oct 2004;"NW"
"158";158;"d";"c";11840;NA;NA;1;31;2009;"Feb,May,Aug,Nov";NA;"RP"
"159";159;"d";"a";8530;3;2013;0;NA;NA;"";Mar 2013;"BY"
"160";160;"d";"c";17110;11;2005;0;NA;NA;"";Nov 2005;"HE"
"161";161;"a";"c";2970;3;2005;0;NA;NA;"";Mar 2005;"NW"
"162";162;"d";"c";5340;3;2012;1;13;2010;"Jan,Apr,Jul,Oct";Mar 2012;"HE"
"163";163;"a";"a";1480;4;2009;0;NA;NA;"";Apr 2009;"HB, NI"
"164";164;"a";"a";1160;9;2005;1;13;2010;"Jan,Apr,Jul,Oct";Sep 2005;"BY"
"165";165;"a";"a";3720;4;2005;1;13;2010;"Jan,Apr,Jul,Oct";Apr 2005;"BY"
"166";166;"a";"c";100;4;2014;1;31;2013;"Jan,Apr,Jul,Oct";Apr 2014;"NW"
"167";167;"a";"a";140;4;2008;0;NA;NA;"";Apr 2008;"ST"
"168";168;"a";"a";12540;NA;NA;0;NA;NA;"";NA;"BW"
"169";169;"d";"a";980;7;2014;1;18;2014;"Feb,May,Aug,Nov";Jul 2014;"NW"
"170";170;"a";"a";1070;NA;NA;1;14;2011;"Jan,Apr,Jul,Oct";NA;"NW"
"171";171;"a";"a";2640;NA;NA;0;NA;NA;"";NA;"NW"
"172";172;"a";"a";110;NA;NA;1;40;2014;"Jan,Apr,Jul,Oct";NA;"BY"
"173";173;"a";"a";350;12;2012;0;NA;NA;"";Dec 2012;"HB, NI"
"174";174;"a";"a";13090;NA;NA;1;22;2012;"Jan,Apr,Jul,Oct";NA;"BY"
"175";175;"c";"a";4130;NA;NA;0;NA;NA;"";NA;"HH"
"176";176;"a";"a";3770;NA;NA;0;NA;NA;"";NA;"NW"
"177";177;"a";"a";1250;2;2004;1;5;2013;"Feb,May,Aug,Nov";Feb 2004;"ST"
"178";178;"d";"a";1710;NA;NA;0;NA;NA;"";NA;"SN"
"179";179;"a";"c";480;NA;NA;0;NA;NA;"";NA;"NW"
"180";180;"d";"a";5800;9;2010;0;NA;NA;"";Sep 2010;"HH"
"181";181;"a";"a";12610;3;2013;1;14;2011;"Jan,Apr,Jul,Oct";Mar 2013;"BY"
"182";182;"d";"c";1390;NA;NA;1;9;2011;"Mar,Jun,Sept,Dec";NA;"HE"
"183";183;"a";"a";9670;NA;NA;0;NA;NA;"";NA;"BY"
"184";184;"d";"c";3560;NA;NA;0;NA;NA;"";NA;"NW"
"185";185;"d";"c";1860;NA;NA;0;NA;NA;"";NA;"HB, NI"
"186";186;"a";"a";290;10;2011;1;40;2014;"Jan,Apr,Jul,Oct";Oct 2011;"BY"
"187";187;"a";"c";19360;NA;NA;0;NA;NA;"";NA;"SH"
"188";188;"d";"a";850;NA;NA;1;18;2011;"Feb,May,Aug,Nov";NA;"RP"
"189";189;"d";"a";5760;7;2014;0;NA;NA;"";Jul 2014;"RP"
"190";190;"a";"a";1470;12;2006;1;40;2014;"Jan,Apr,Jul,Oct";Dec 2006;"BY"
"191";191;"a";"a";1100;8;2013;1;40;2014;"Jan,Apr,Jul,Oct";Aug 2013;"BY"
"192";192;"d";"c";2770;3;2008;1;40;2014;"Jan,Apr,Jul,Oct";Mar 2008;"BY"
"193";193;"a";"a";520;NA;NA;0;NA;NA;"";NA;"BW"
"194";194;"d";"c";16970;NA;NA;1;5;2013;"Feb,May,Aug,Nov";NA;"BW"
"195";195;"a";"c";220;NA;NA;0;NA;NA;"";NA;"NW"
"196";196;"c";"a";3850;11;2005;1;14;2011;"Jan,Apr,Jul,Oct";Nov 2005;"TH"
"197";197;"c";"a";4210;NA;NA;0;NA;NA;"";NA;"HH"
"198";198;"a";"a";290;9;2002;1;13;2010;"Jan,Apr,Jul,Oct";Sep 2002;"TH"
"199";199;"d";"c";6360;12;2010;1;14;2012;"Mar,Jun,Sept,Dec";Dec 2010;"RP"
"200";200;"a";"a";1650;10;2000;0;NA;NA;"";Oct 2000;"NW"
"201";201;"d";"a";20260;NA;NA;1;18;2014;"Mar,Jun,Sept,Dec";NA;"NW"
"202";202;"d";"c";5140;5;2010;0;NA;NA;"";May 2010;"HE"
"203";203;"c";"c";490;11;2002;0;NA;NA;"";Nov 2002;"ST"
"204";204;"a";"a";5630;12;2002;1;40;2014;"Jan,Apr,Jul,Oct";Dec 2002;"BY"
"205";205;"a";"a";110;12;2007;0;NA;NA;"";Dec 2007;"HB, NI"
"206";206;"a";"c";380;NA;NA;1;14;2012;"Jan,Apr,Jul,Oct";NA;"NW"
"207";207;"a";"a";6870;NA;NA;0;NA;NA;"";NA;"SH"
"208";208;"c";"a";300;4;2006;0;NA;NA;"";Apr 2006;"HB, NI"
"209";209;"a";"c";11680;9;2011;1;31;2013;"Jan,Apr,Jul,Oct";Sep 2011;"SH"
"210";210;"d";"a";970;11;1999;1;5;2013;"Feb,May,Aug,Nov";Nov 1999;"RP"
"211";211;"a";"c";350;11;2006;0;NA;NA;"";Nov 2006;"HB, NI"
"212";212;"a";"c";15050;9;2008;0;NA;NA;"";Sep 2008;"SH"
"213";213;"d";"c";4030;3;2014;1;1;2014;"Jan,Apr,Jul,Oct";Mar 2014;"NW"
"214";214;"d";"a";8650;7;2013;1;10;2014;"Jan,Apr,Jul,Oct";Jul 2013;"NW"
"215";215;"d";"a";150;NA;NA;1;45;2009;"Feb,May,Aug,Nov";NA;"BY"
"216";216;"c";"a";190;NA;NA;1;45;2009;"Feb,May,Aug,Nov";NA;"NW"
"217";217;"c";"a";3150;NA;NA;0;NA;NA;"";NA;"HH"
"218";218;"a";"c";640;NA;NA;1;9;2011;"Mar,Jun,Sept,Dec";NA;"BY"
"219";219;"a";"a";1640;2;2013;0;NA;NA;"";Feb 2013;"NW"
"220";220;"a";"a";1000;9;2008;0;NA;NA;"";Sep 2008;"NW"
"221";221;"d";"c";13530;9;2013;0;NA;NA;"";Sep 2013;"SH"
"222";222;"a";"a";2170;11;2008;0;NA;NA;"";Nov 2008;"HB, NI"
"223";223;"d";"c";2920;10;1995;1;27;2011;"Jan,Apr,Jul,Oct";Oct 1995;"TH"
"224";224;"d";"c";7930;NA;NA;1;1;2013;"Jan,Apr,Jul,Oct";NA;"BW"
"225";225;"d";"a";10180;NA;NA;0;NA;NA;"";NA;"ST"
"226";226;"a";"a";450;NA;NA;0;NA;NA;"";NA;"HE"
"227";227;"a";"a";2370;NA;NA;0;NA;NA;"";NA;"NW"
"228";228;"d";"c";10800;NA;NA;1;18;2011;"Feb,May,Aug,Nov";NA;"NW"
"229";229;"d";"c";17410;4;2007;1;14;2011;"Jan,Apr,Jul,Oct";Apr 2007;"RP"
"230";230;"d";"c";6680;9;2013;0;NA;NA;"";Sep 2013;"SH"
"231";231;"d";"c";3840;10;2008;1;39;2010;"Feb,May,Aug,Nov";Oct 2008;"BY"
"232";232;"c";"c";13570;5;2010;1;10;2013;"Mar,Jun,Sept,Dec";May 2010;"ST"
"233";233;"a";"a";1890;NA;NA;0;NA;NA;"";NA;"HE"
"234";234;"d";"a";4370;NA;NA;0;NA;NA;"";NA;"NW"
"235";235;"a";"a";5710;3;2012;1;37;2009;"Jan,Apr,Jul,Oct";Mar 2012;"HE"
"236";236;"a";"a";1000;11;2007;0;NA;NA;"";Nov 2007;"HB, NI"
"237";237;"a";"a";1420;11;2007;0;NA;NA;"";Nov 2007;"HB, NI"
"238";238;"a";"a";320;NA;NA;1;45;2009;"Feb,May,Aug,Nov";NA;"NW"
"239";239;"d";"c";610;NA;NA;0;NA;NA;"";NA;"NW"
"240";240;"a";"a";1110;5;2009;0;NA;NA;"";May 2009;"HB, NI"
"241";241;"d";"c";780;NA;NA;0;NA;NA;"";NA;"NW"
"242";242;"d";"a";6880;9;2001;1;14;2011;"Jan,Apr,Jul,Oct";Sep 2001;"HE"
"243";243;"a";"a";310;NA;NA;1;5;2013;"Feb,May,Aug,Nov";NA;"BY"
"244";244;"d";"a";710;3;2012;1;1;2012;"Jan,Apr,Jul,Oct";Mar 2012;"NW"
"245";245;"a";"c";1310;NA;NA;0;NA;NA;"";NA;"HE"
"246";246;"c";"a";4660;4;2013;0;NA;NA;"";Apr 2013;"HH"
"247";247;"d";"c";70;11;2010;1;5;2013;"Feb,May,Aug,Nov";Nov 2010;"HE"
"248";248;"a";"c";340;9;2012;1;40;2012;"Jan,Apr,Jul,Oct";Sep 2012;"SH"
"249";249;"d";"c";18010;9;2014;0;NA;NA;"";Sep 2014;"SH"
"250";250;"d";"a";3520;NA;NA;1;18;2012;"Feb,May,Aug,Nov";NA;"HE"
"251";251;"a";"c";340;NA;NA;0;NA;NA;"";NA;"NW"
"252";252;"d";"c";22330;NA;NA;1;5;2010;"Feb,May,Aug,Nov";NA;"NW"
"253";253;"a";"c";250;NA;NA;1;5;2013;"Feb,May,Aug,Nov";NA;"NW"
"254";254;"d";"a";330;3;2008;1;1;2012;"Mar,Jun,Sept,Dec";Mar 2008;"RP"
"255";255;"c";"c";4630;3;2011;1;35;2011;"Feb,May,Aug,Nov";Mar 2011;"NW"
"256";256;"a";"c";80;9;2005;1;10;2014;"Mar,Jun,Sept,Dec";Sep 2005;"NW"
"257";257;"a";"a";420;12;2012;0;NA;NA;"";Dec 2012;"HB, NI"
"258";258;"a";"a";27190;7;2010;1;37;2009;"Jan,Apr,Jul,Oct";Jul 2010;"BY"
"259";259;"b";"b";210;NA;NA;0;NA;NA;"";NA;"HE"
"260";260;"a";"a";540;10;2011;0;NA;NA;"";Oct 2011;"HB, NI"
"261";261;"d";"c";15340;NA;NA;1;39;2009;"Jan,Apr,Jul,Oct";NA;"TH"
"262";262;"b";"a";1180;5;2013;0;NA;NA;"";May 2013;"HH"
"263";263;"a";"c";1140;5;2013;1;40;2014;"Jan,Apr,Jul,Oct";May 2013;"BY"
"264";264;"a";"a";180;3;2014;0;NA;NA;"";Mar 2014;"HB, NI"
"265";265;"a";"a";4580;NA;NA;1;14;2015;"Jan,Apr,Jul,Oct";NA;"RP"
"266";266;"a";"c";360;3;2014;1;9;2011;"Mar,Jun,Sept,Dec";Mar 2014;"SN"
"267";267;"c";"a";2460;1;2012;0;NA;NA;"";Jan 2012;"SH"
"268";268;"a";"a";4520;2;2014;0;NA;NA;"";Feb 2014;"BE"
"269";269;"a";"c";60;NA;NA;0;NA;NA;"";NA;"NW"
"270";270;"a";"a";1450;7;2014;0;NA;NA;"";Jul 2014;"HB, NI"
"271";271;"a";"a";420;NA;NA;1;14;2011;"Jan,Apr,Jul,Oct";NA;"SN"
"272";272;"a";"a";16180;7;2003;1;14;2011;"Jan,Apr,Jul,Oct";Jul 2003;"HE"
"273";273;"a";"c";8480;NA;NA;0;NA;NA;"";NA;"NW"
"274";274;"b";"b";3640;NA;NA;1;10;2013;"Jan,Apr,Jul,Oct";NA;"HE"
"275";275;"d";"a";300;5;2014;1;40;2014;"Jan,Apr,Jul,Oct";May 2014;"BY"
"276";276;"a";"a";2960;10;2014;1;36;2013;"Mar,Jun,Sept,Dec";Oct 2014;"SN"
"277";277;"d";"c";7840;NA;NA;1;31;2009;"Feb,May,Aug,Nov";NA;"BY"
"278";278;"a";"c";9260;2;2010;0;NA;NA;"";Feb 2010;"SH"
"279";279;"d";"c";2320;NA;NA;1;40;2012;"Jan,Apr,Jul,Oct";NA;"BY"
"280";280;"d";"c";18640;9;2013;1;10;2014;"Mar,Jun,Sept,Dec";Sep 2013;"BW"
"281";281;"d";"c";6970;9;2011;0;NA;NA;"";Sep 2011;"SH"
"282";282;"a";"a";1220;12;2010;0;NA;NA;"";Dec 2010;"HB, NI"
"283";283;"a";"a";2260;NA;NA;1;40;2014;"Jan,Apr,Jul,Oct";NA;"BY"
"284";284;"d";"a";1290;NA;NA;1;40;2014;"Jan,Apr,Jul,Oct";NA;"BY"
"285";285;"a";"a";2410;NA;NA;0;NA;NA;"";NA;"HE"
"286";286;"a";"a";1460;NA;NA;0;NA;NA;"";NA;"TH"
"287";287;"c";"a";2740;5;2009;1;40;2014;"Jan,Apr,Jul,Oct";May 2009;"BY"
"288";288;"d";"a";800;NA;NA;1;14;2011;"Mar,Jun,Sept,Dec";NA;"BY"
"289";289;"d";"a";6540;12;2007;0;NA;NA;"";Dec 2007;"HE"
"290";290;"a";"a";4150;5;2001;0;NA;NA;"";May 2001;"NW"
"291";291;"d";"a";NA;NA;NA;0;NA;NA;"";NA;"SN"
"292";292;"a";"a";1100;6;2009;0;NA;NA;"";Jun 2009;"HB, NI"
"293";293;"c";"c";140;11;2007;0;NA;NA;"";Nov 2007;"HB, NI"
"294";294;"a";"a";3150;5;2005;0;NA;NA;"";May 2005;"HE"
"295";295;"a";"a";210;11;2000;1;36;2013;"Mar,Jun,Sept,Dec";Nov 2000;"BW"
"296";296;"a";"a";9580;5;2007;1;45;2014;"Feb,May,Aug,Nov";May 2007;"HE"
"297";297;"a";"a";2300;9;2010;0;NA;NA;"";Sep 2010;"BW"
"298";298;"d";"a";19840;7;2009;0;NA;NA;"";Jul 2009;"BY"
"299";299;"d";"c";38630;9;2012;0;NA;NA;"";Sep 2012;"SH"
"300";300;"a";"c";120;4;2009;1;1;2012;"Jan,Apr,Jul,Oct";Apr 2009;"HE"
"301";301;"a";"c";4510;NA;NA;0;NA;NA;"";NA;"SH"
"302";302;"d";"c";2190;12;2007;1;9;2011;"Mar,Jun,Sept,Dec";Dec 2007;"HE"
"303";303;"a";"a";15430;11;2012;1;18;2011;"Feb,May,Aug,Nov";Nov 2012;"NW"
"304";304;"a";"a";1950;NA;NA;0;NA;NA;"";NA;"BE"
"305";305;"c";"c";2470;2;2005;1;31;2013;"Mar,Jun,Sept,Dec";Feb 2005;"HE"
"306";306;"a";"a";5100;4;2007;1;40;2014;"Jan,Apr,Jul,Oct";Apr 2007;"BY"
"307";307;"a";"a";18660;9;2002;0;NA;NA;"";Sep 2002;"TH"
"308";308;"a";"a";1070;12;2006;1;13;2010;"Jan,Apr,Jul,Oct";Dec 2006;"NW"
"309";309;"d";"a";8740;NA;NA;1;37;2009;"Feb,May,Aug,Nov";NA;"NW"
"310";310;"a";"c";2290;NA;NA;1;10;2014;"Mar,Jun,Sept,Dec";NA;"SH"
"311";311;"a";"c";680;7;2005;0;NA;NA;"";Jul 2005;"HE"
"312";312;"d";"a";11300;3;2012;0;NA;NA;"";Mar 2012;"HE"
"313";313;"d";"c";14160;NA;NA;0;NA;NA;"";NA;"TH"
"314";314;"a";"a";3560;10;2001;1;31;2013;"Feb,May,Aug,Nov";Oct 2001;"NW"
"315";315;"a";"c";38710;4;2013;0;NA;NA;"";Apr 2013;"SH"
"316";316;"d";"a";9000;8;2001;0;NA;NA;"";Aug 2001;"NW"
"317";317;"d";"a";3140;7;2013;1;14;2011;"Jan,Apr,Jul,Oct";Jul 2013;"BY"
"318";318;"d";"c";32330;3;2014;0;NA;NA;"";Mar 2014;"SN"
"319";319;"a";"c";570;9;2012;1;27;2012;"Mar,Jun,Sept,Dec";Sep 2012;"SH"
"320";320;"a";"c";210;9;2012;0;NA;NA;"";Sep 2012;"SH"
"321";321;"c";"c";8140;11;2013;1;10;2014;"Mar,Jun,Sept,Dec";Nov 2013;"SN"
"322";322;"a";"a";17500;4;2001;1;37;2009;"Jan,Apr,Jul,Oct";Apr 2001;"TH"
"323";323;"d";"c";8400;4;2012;1;5;2013;"Feb,May,Aug,Nov";Apr 2012;"RP"
"324";324;"a";"a";13140;NA;NA;1;14;2011;"Jan,Apr,Jul,Oct";NA;"ST"
"325";325;"a";"c";350;3;2011;1;22;2011;"Feb,May,Aug,Nov";Mar 2011;"NW"
"326";326;"d";"a";10070;NA;NA;1;31;2013;"Feb,May,Aug,Nov";NA;"RP"
"327";327;"c";"c";1390;12;2004;0;NA;NA;"";Dec 2004;"ST"
"328";328;"a";"a";3130;7;2002;0;NA;NA;"";Jul 2002;"NW"
"329";329;"a";"a";1310;6;1990;1;22;2012;"Mar,Jun,Sept,Dec";Jun 1990;"NW"
"330";330;"a";"c";370;NA;NA;1;22;2012;"Mar,Jun,Sept,Dec";NA;"NW"
"331";331;"a";"c";670;NA;NA;1;14;2015;"Jan,Apr,Jul,Oct";NA;"RP"
"332";332;"a";"a";1840;3;2006;0;NA;NA;"";Mar 2006;"ST"
"333";333;"a";"c";3720;2;2010;0;NA;NA;"";Feb 2010;"HH"
"334";334;"d";"c";4040;8;2008;1;18;2013;"Mar,Jun,Sept,Dec";Aug 2008;"NW"
"335";335;"b";"a";90;NA;NA;1;31;2013;"Jan,Apr,Jul,Oct";NA;"NW"
"336";336;"a";"a";190;7;2014;0;NA;NA;"";Jul 2014;"HE"
"337";337;"d";"c";10600;7;2005;1;45;2014;"Feb,May,Aug,Nov";Jul 2005;"HE"
"338";338;"a";"c";1590;NA;NA;1;37;2009;"Jan,Apr,Jul,Oct";NA;"HE"
"339";339;"a";"c";2280;NA;NA;1;10;2013;"Mar,Jun,Sept,Dec";NA;"RP"
"340";340;"a";"c";8080;NA;NA;0;NA;NA;"";NA;"SH"
"341";341;"a";"a";190;9;2011;0;NA;NA;"";Sep 2011;"NW"
"342";342;"d";"c";15770;NA;NA;1;40;2014;"Jan,Apr,Jul,Oct";NA;"BY"
"343";343;"d";"a";18650;4;2004;1;14;2014;"Jan,Apr,Jul,Oct";Apr 2004;"NW"
"344";344;"a";"c";300;4;2011;1;14;2011;"Jan,Apr,Jul,Oct";Apr 2011;"HH"
"345";345;"a";"a";120;NA;NA;1;22;2012;"Jan,Apr,Jul,Oct";NA;"BY"
"346";346;"a";"c";8090;NA;NA;0;NA;NA;"";NA;"NW"
"347";347;"d";"c";9360;7;2013;1;22;2012;"Mar,Jun,Sept,Dec";Jul 2013;"BW"
"348";348;"a";"a";16490;NA;NA;1;22;2012;"Jan,Apr,Jul,Oct";NA;"BY"
"349";349;"c";"c";1490;4;2009;0;NA;NA;"";Apr 2009;"HB, NI"
"350";350;"d";"a";8880;NA;NA;1;14;2011;"Jan,Apr,Jul,Oct";NA;"HE"
"351";351;"a";"a";5290;11;2012;1;5;2013;"Feb,May,Aug,Nov";Nov 2012;"NW"
"352";352;"d";"c";6360;NA;NA;1;40;2012;"Mar,Jun,Sept,Dec";NA;"SH"
"353";353;"b";"b";900;NA;NA;1;14;2013;"Feb,May,Aug,Nov";NA;"BW"
"354";354;"d";"c";1500;10;2005;0;NA;NA;"";Oct 2005;"NW"
"355";355;"a";"c";9720;8;2013;0;NA;NA;"";Aug 2013;"SH"
"356";356;"d";"c";8970;12;2007;1;22;2012;"Feb,May,Aug,Nov";Dec 2007;"BW"
"357";357;"a";"a";2060;10;2008;0;NA;NA;"";Oct 2008;"SN"
"358";358;"a";"a";2890;10;2003;0;NA;NA;"";Oct 2003;"NW"
"359";359;"d";"c";4370;NA;NA;0;NA;NA;"";NA;"RP"
"360";360;"a";"a";2040;6;2007;0;NA;NA;"";Jun 2007;"HB, NI"
"361";361;"c";"c";4490;5;2014;1;5;2013;"Feb,May,Aug,Nov";May 2014;"ST"
"362";362;"c";"c";340;NA;NA;0;NA;NA;"";NA;"HE"
"363";363;"a";"a";250;9;2009;0;NA;NA;"";Sep 2009;"HB, NI"
"364";364;"a";"c";13620;NA;NA;1;10;2014;"Mar,Jun,Sept,Dec";NA;"RP"
"365";365;"c";"a";2410;NA;NA;1;45;2009;"Feb,May,Aug,Nov";NA;"BY"
"366";366;"d";"c";6470;12;2004;0;NA;NA;"";Dec 2004;"ST"
"367";367;"d";"c";2640;9;2012;0;NA;NA;"";Sep 2012;"SH"
"368";368;"d";"c";1450;4;2005;1;45;2009;"Feb,May,Aug,Nov";Apr 2005;"BW"
"369";369;"d";"c";5870;4;2014;0;NA;NA;"";Apr 2014;"HE"
"370";370;"d";"a";8250;10;2000;1;31;2009;"Jan,Apr,Jul,Oct";Oct 2000;"NW"
"371";371;"d";"c";1970;7;2009;1;45;2014;"Feb,May,Aug,Nov";Jul 2009;"HE"
"372";372;"d";"c";4880;8;2010;1;18;2014;"Jan,Apr,Jul,Oct";Aug 2010;"NW"
"373";373;"d";"c";11120;NA;NA;1;22;2012;"Jan,Apr,Jul,Oct";NA;"BW"
"374";374;"a";"a";1150;9;2007;0;NA;NA;"";Sep 2007;"HB, NI"
"375";375;"a";"c";15710;2;2013;1;37;2009;"Jan,Apr,Jul,Oct";Feb 2013;"ST"
"376";376;"a";"a";160;8;2012;0;NA;NA;"";Aug 2012;"HB, NI"
"377";377;"a";"c";100;6;2010;1;18;2010;"Feb,May,Aug,Nov";Jun 2010;"SH"
"378";378;"a";"c";2140;8;2012;0;NA;NA;"";Aug 2012;"NW"
"379";379;"d";"a";6630;NA;NA;0;NA;NA;"";NA;"BE"
"380";380;"a";"a";2240;5;2013;1;10;2014;"Mar,Jun,Sept,Dec";May 2013;"NW"
"381";381;"a";"a";1800;11;2006;1;5;2013;"Feb,May,Aug,Nov";Nov 2006;"ST"
"382";382;"c";"c";26130;11;2002;0;NA;NA;"";Nov 2002;"ST"
"383";383;"a";"c";350;NA;NA;0;NA;NA;"";NA;"HE"
"384";384;"a";"c";130;NA;NA;1;14;2011;"Jan,Apr,Jul,Oct";NA;"TH"
"385";385;"d";"a";4580;9;2007;0;NA;NA;"";Sep 2007;"BY"
"386";386;"d";"c";1460;4;2014;1;31;2013;"Jan,Apr,Jul,Oct";Apr 2014;"NW"
"387";387;"c";"a";210;NA;NA;1;36;2013;"Mar,Jun,Sept,Dec";NA;"NW"
"388";388;"a";"a";2260;NA;NA;0;NA;NA;"";NA;"NW"
"389";389;"a";"c";6690;8;2011;0;NA;NA;"";Aug 2011;"HH"
"390";390;"a";"c";1600;4;2009;0;NA;NA;"";Apr 2009;"HB, NI"
"391";391;"a";"a";460;11;2014;1;31;2013;"Feb,May,Aug,Nov";Nov 2014;"NW"
"392";392;"a";"a";2120;NA;NA;0;NA;NA;"";NA;"NW"
"393";393;"d";"c";4820;3;2008;0;NA;NA;"";Mar 2008;"NW"
"394";394;"d";"a";10850;NA;NA;0;NA;NA;"";NA;"HE"
"395";395;"a";"a";3620;2;2013;0;NA;NA;"";Feb 2013;"NW"
"396";396;"a";"c";23130;NA;NA;0;NA;NA;"";NA;"ST"
"397";397;"a";"c";130;NA;NA;1;27;2013;"Feb,May,Aug,Nov";NA;"NW"
"398";398;"c";"c";1540;NA;NA;1;1;2012;"Jan,Apr,Jul,Oct";NA;"SH"
"399";399;"a";"a";5360;9;2012;1;40;2011;"Jan,Apr,Jul,Oct";Sep 2012;"BY"
"400";400;"a";"a";70;11;2004;1;14;2011;"Jan,Apr,Jul,Oct";Nov 2004;"TH"
"401";401;"a";"c";9200;10;2009;1;14;2012;"Jan,Apr,Jul,Oct";Oct 2009;"SN"
"402";402;"c";"c";5830;9;2011;1;13;2010;"Jan,Apr,Jul,Oct";Sep 2011;"ST"
"403";403;"a";"a";4970;NA;NA;0;NA;NA;"";NA;"NW"
"404";404;"a";"c";1420;NA;NA;1;10;2013;"Mar,Jun,Sept,Dec";NA;"BW"
"405";405;"a";"a";1080;4;2008;1;14;2011;"Jan,Apr,Jul,Oct";Apr 2008;"NW"
"406";406;"d";"c";8240;3;2001;1;10;2013;"Feb,May,Aug,Nov";Mar 2001;"RP"
"407";407;"a";"a";5890;10;2003;1;14;2011;"Feb,May,Aug,Nov";Oct 2003;"BY"
"408";408;"c";"a";1560;NA;NA;1;45;2009;"Feb,May,Aug,Nov";NA;"BW"
"409";409;"d";"c";840;NA;NA;1;1;2013;"Jan,Apr,Jul,Oct";NA;"HE"
"410";410;"c";"a";40;11;2011;1;22;2012;"Mar,Jun,Sept,Dec";Nov 2011;"NW"
"411";411;"d";"c";8460;NA;NA;0;NA;NA;"";NA;"HE"
"412";412;"d";"c";4460;NA;NA;1;39;2010;"Jan,Apr,Jul,Oct";NA;"BY"
"413";413;"a";"c";760;9;2014;0;NA;NA;"";Sep 2014;"BY"
"414";414;"d";"c";6210;NA;NA;1;1;2013;"Jan,Apr,Jul,Oct";NA;"HE"
"415";415;"d";"c";6910;4;2005;0;NA;NA;"";Apr 2005;"RP"
"416";416;"a";"c";4650;6;2014;0;NA;NA;"";Jun 2014;"HH"
"417";417;"a";"c";840;NA;NA;1;10;2014;"Jan,Apr,Jul,Oct";NA;"NW"
"418";418;"a";"a";1060;5;2009;1;27;2011;"Feb,May,Aug,Nov";May 2009;"NW"
"419";419;"c";"a";1620;9;2009;0;NA;NA;"";Sep 2009;"HB, NI"
"420";420;"d";"c";250;NA;NA;1;27;2012;"Jan,Apr,Jul,Oct";NA;"BY"
"421";421;"c";"c";3530;6;2012;1;35;2012;"Mar,Jun,Sept,Dec";Jun 2012;"SH"
"422";422;"a";"c";2880;NA;NA;0;NA;NA;"";NA;"SH"
"423";423;"b";"a";1270;5;2014;0;NA;NA;"";May 2014;"HB, NI"
"424";424;"d";"c";1250;NA;NA;1;40;2011;"Jan,Apr,Jul,Oct";NA;"NW"
"425";425;"d";"c";1460;NA;NA;0;NA;NA;"";NA;"NW"
"426";426;"a";"a";250;NA;NA;0;NA;NA;"";NA;"NW"
"427";427;"a";"c";70;7;2005;1;13;2010;"Jan,Apr,Jul,Oct";Jul 2005;"BY"
"428";428;"d";"a";2960;12;2014;1;23;2015;"Mar,Jun,Sept,Dec";Dec 2014;"BY"
"429";429;"d";"c";16350;7;2005;1;31;2013;"Jan,Apr,Jul,Oct";Jul 2005;"BY"
"430";430;"d";"c";12870;10;2008;0;NA;NA;"";Oct 2008;"BY"
"431";431;"d";"c";4520;NA;NA;0;NA;NA;"";NA;"NW"
"432";432;"a";"a";810;5;2013;0;NA;NA;"";May 2013;"HH"
"433";433;"a";"c";30030;11;2010;0;NA;NA;"";Nov 2010;"SH"
"434";434;"a";"a";13020;8;2003;1;40;2014;"Jan,Apr,Jul,Oct";Aug 2003;"BY"
"435";435;"a";"a";910;NA;NA;0;NA;NA;"";NA;"NW"
"436";436;"d";"a";2300;NA;NA;0;NA;NA;"";NA;"SN"
"437";437;"c";"c";430;NA;NA;1;50;2010;"Jan,Apr,Jul,Oct";NA;"SN"
"438";438;"d";"c";1110;NA;NA;1;40;2012;"Jan,Apr,Jul,Oct";NA;"SN"
"439";439;"a";"a";1350;9;2009;0;NA;NA;"";Sep 2009;"HB, NI"
"440";440;"d";"a";3900;4;2005;1;45;2009;"Feb,May,Aug,Nov";Apr 2005;"BW"
"441";441;"d";"a";2530;NA;NA;0;NA;NA;"";NA;"NW"
"442";442;"c";"a";500;NA;NA;1;45;2009;"Feb,May,Aug,Nov";NA;"BW"
"443";443;"d";"a";11400;12;2005;0;NA;NA;"";Dec 2005;"SN"
"444";444;"c";"a";1700;11;2009;0;NA;NA;"";Nov 2009;"SN"
"445";445;"a";"a";240;NA;NA;0;NA;NA;"";NA;"NW"
"446";446;"a";"a";340;10;2000;1;31;2013;"Feb,May,Aug,Nov";Oct 2000;"NW"
"447";447;"a";"c";1510;9;2013;0;NA;NA;"";Sep 2013;"SH"
"448";448;"a";"c";3970;9;2009;0;NA;NA;"";Sep 2009;"NW"
"449";449;"a";"c";120;12;2014;1;37;2009;"Jan,Apr,Jul,Oct";Dec 2014;"HE"
"450";450;"c";"a";5780;11;1994;1;10;2014;"Mar,Jun,Sept,Dec";Nov 1994;"BW"
"451";451;"a";"a";2460;4;2009;1;13;2010;"Jan,Apr,Jul,Oct";Apr 2009;"HE"
"452";452;"a";"c";1850;8;2013;1;5;2011;"Feb,May,Aug,Nov";Aug 2013;"SH"
"453";453;"a";"c";75860;NA;NA;0;NA;NA;"";NA;"SH"
"454";454;"a";"a";26450;NA;NA;0;NA;NA;"";NA;"ST"
"455";455;"d";"c";7660;9;2010;0;NA;NA;"";Sep 2010;"BW"
"456";456;"a";"c";140;NA;NA;0;NA;NA;"";NA;"NW"
"457";457;"d";"c";13140;NA;NA;1;31;2013;"Jan,Apr,Jul,Oct";NA;"BY"
"458";458;"c";"a";3390;NA;NA;0;NA;NA;"";NA;"HE"
"459";459;"a";"a";250;9;2008;1;5;2013;"Feb,May,Aug,Nov";Sep 2008;"SH"
"460";460;"a";"a";34050;4;2008;0;NA;NA;"";Apr 2008;"ST"
"461";461;"d";"c";1790;7;2013;1;40;2013;"Jan,Apr,Jul,Oct";Jul 2013;"BW"
"462";462;"a";"a";44320;8;2008;0;NA;NA;"";Aug 2008;"ST"
"463";463;"a";"a";4160;NA;NA;0;NA;NA;"";NA;"NW"
"464";464;"c";"a";520;3;2009;0;NA;NA;"";Mar 2009;"HB, NI"
"465";465;"d";"c";10890;4;2005;0;NA;NA;"";Apr 2005;"HE"
"466";466;"a";"c";3110;3;2003;0;NA;NA;"";Mar 2003;"NW"
"467";467;"a";"c";20390;4;2008;0;NA;NA;"";Apr 2008;"NW"
"468";468;"c";"c";5260;9;2012;0;NA;NA;"";Sep 2012;"SH"
"469";469;"c";"c";710;9;2005;0;NA;NA;"";Sep 2005;"HB, NI"
"470";470;"a";"c";50;NA;NA;0;NA;NA;"";NA;"NW"
"471";471;"d";"a";5300;NA;NA;1;45;2009;"Feb,May,Aug,Nov";NA;"BY"
"472";472;"c";"c";5030;8;2011;0;NA;NA;"";Aug 2011;"HH"
"473";473;"a";"a";50;NA;NA;0;NA;NA;"";NA;"NW"
"474";474;"c";"a";14810;NA;NA;1;14;2011;"Mar,Jun,Sept,Dec";NA;"TH"
"475";475;"a";"a";140;9;2005;0;NA;NA;"";Sep 2005;"NW"
"476";476;"d";"a";8300;9;2006;0;NA;NA;"";Sep 2006;"SN"
"477";477;"d";"a";770;7;2010;1;35;2010;"Jan,Apr,Jul,Oct";Jul 2010;"BY"
"478";478;"d";"c";1940;3;2012;0;NA;NA;"";Mar 2012;"HB, NI"
"479";479;"a";"a";320;12;2005;1;9;2011;"Feb,May,Aug,Nov";Dec 2005;"ST"
"480";480;"a";"a";300;11;2012;0;NA;NA;"";Nov 2012;"HB, NI"
"481";481;"c";"c";7470;NA;NA;1;44;2012;"Feb,May,Aug,Nov";NA;"HE"
"482";482;"c";"a";2550;10;2005;0;NA;NA;"";Oct 2005;"ST"
"483";483;"a";"c";2310;9;2011;1;13;2010;"Jan,Apr,Jul,Oct";Sep 2011;"ST"
"484";484;"a";"c";14300;3;2011;0;NA;NA;"";Mar 2011;"SH"
"485";485;"d";"c";3270;NA;NA;1;22;2012;"Jan,Apr,Jul,Oct";NA;"BY"
"486";486;"a";"a";2320;NA;NA;1;31;2013;"Jan,Apr,Jul,Oct";NA;"NW"
"487";487;"d";"c";2180;9;2012;1;40;2012;"Jan,Apr,Jul,Oct";Sep 2012;"SH"
"488";488;"a";"c";2890;4;2014;0;NA;NA;"";Apr 2014;"SH"
"489";489;"a";"a";14960;11;2013;1;37;2009;"Jan,Apr,Jul,Oct";Nov 2013;"ST"
"490";490;"a";"a";660;4;2013;1;40;2014;"Jan,Apr,Jul,Oct";Apr 2013;"BY"
"491";491;"d";"c";4680;NA;NA;1;22;2012;"Mar,Jun,Sept,Dec";NA;"BW"
"492";492;"a";"a";1740;3;2008;1;40;2012;"Jan,Apr,Jul,Oct";Mar 2008;"BY"
"493";493;"d";"c";1150;NA;NA;1;14;2011;"Jan,Apr,Jul,Oct";NA;"NW"
"494";494;"b";"a";1260;6;2011;0;NA;NA;"";Jun 2011;"HB, NI"
"495";495;"d";"a";5470;NA;NA;1;37;2009;"Jan,Apr,Jul,Oct";NA;"BW"
"496";496;"d";"c";2780;NA;NA;0;NA;NA;"";NA;"HB, NI"
"497";497;"a";"c";1610;NA;NA;0;NA;NA;"";NA;"HE"
"498";498;"a";"a";990;NA;NA;1;40;2014;"Jan,Apr,Jul,Oct";NA;"BY"
"499";499;"c";"c";450;NA;NA;1;5;2013;"Feb,May,Aug,Nov";NA;"BW"
"500";500;"d";"c";10690;9;2007;1;5;2013;"Jan,Apr,Jul,Oct";Sep 2007;"BY"
"501";501;"a";"c";1620;9;2006;0;NA;NA;"";Sep 2006;"BY"
"502";502;"a";"a";220;2;2002;1;37;2009;"Jan,Apr,Jul,Oct";Feb 2002;"HE"
"503";503;"d";"c";13080;9;2006;1;14;2011;"Jan,Apr,Jul,Oct";Sep 2006;"ST"
"504";504;"c";"c";820;NA;NA;0;NA;NA;"";NA;"BE"
"505";505;"a";"a";350;NA;NA;1;5;2013;"Feb,May,Aug,Nov";NA;"BW"
"506";506;"a";"a";1850;12;2014;1;18;2011;"Feb,May,Aug,Nov";Dec 2014;"NW"
"507";507;"a";"c";9070;4;2011;1;37;2009;"Jan,Apr,Jul,Oct";Apr 2011;"NW"
"508";508;"a";"c";1280;NA;NA;1;40;2011;"Jan,Apr,Jul,Oct";NA;"NW"
"509";509;"a";"a";4740;7;2008;1;37;2009;"Jan,Apr,Jul,Oct";Jul 2008;"HE"
"510";510;"a";"c";8260;NA;NA;0;NA;NA;"";NA;"NW"
"511";511;"a";"a";2060;9;2009;0;NA;NA;"";Sep 2009;"BE"
"512";512;"b";"b";590;NA;NA;1;5;2013;"Mar,Jun,Sept,Dec";NA;"BY"
"513";513;"a";"a";400;8;2013;0;NA;NA;"";Aug 2013;"HB, NI"
"514";514;"c";"c";1200;7;2012;1;27;2012;"Jan,Apr,Jul,Oct";Jul 2012;"BY"
"515";515;"d";"c";11260;NA;NA;1;9;2011;"Feb,May,Aug,Nov";NA;"NW"
"516";516;"a";"c";20;NA;NA;1;35;2010;"Mar,Jun,Sept,Dec";NA;"NW"
"517";517;"a";"c";22490;NA;NA;0;NA;NA;"";NA;"HE"
"518";518;"d";"c";3330;NA;NA;1;13;2010;"Jan,Apr,Jul,Oct";NA;"BY"
"519";519;"c";"c";2510;8;2009;1;1;2012;"Jan,Apr,Jul,Oct";Aug 2009;"SH"
"520";520;"a";"c";6900;NA;NA;1;40;2012;"Mar,Jun,Sept,Dec";NA;"SH"
"521";521;"d";"a";18610;11;2002;1;48;2011;"Mar,Jun,Sept,Dec";Nov 2002;"RP"
"522";522;"d";"c";7160;11;2012;1;9;2011;"Jan,Apr,Jul,Oct";Nov 2012;"BY"
"523";523;"c";"c";50;11;2013;0;NA;NA;"";Nov 2013;"HB, NI"
"524";524;"a";"c";40860;9;2013;0;NA;NA;"";Sep 2013;"SH"
"525";525;"d";"c";1870;9;2013;0;NA;NA;"";Sep 2013;"HB, NI"
"526";526;"a";"a";120;NA;NA;1;48;2011;"Mar,Jun,Sept,Dec";NA;"TH"
"527";527;"d";"c";5830;4;2008;0;NA;NA;"";Apr 2008;"NW"
"528";528;"a";"c";20620;NA;NA;1;37;2009;"Jan,Apr,Jul,Oct";NA;"NW"
"529";529;"d";"c";12920;9;2012;0;NA;NA;"";Sep 2012;"SH"
"530";530;"a";"c";18160;NA;NA;0;NA;NA;"";NA;"SH"
"531";531;"a";"c";4030;NA;NA;0;NA;NA;"";NA;"HH"
"532";532;"a";"c";1070;8;2010;0;NA;NA;"";Aug 2010;"NW"
"533";533;"a";"c";5950;NA;NA;0;NA;NA;"";NA;"BW"
"534";534;"d";"a";1200;9;2009;1;45;2009;"Jan,Apr,Jul,Oct";Sep 2009;"BY"
"535";535;"a";"a";3570;4;2007;0;NA;NA;"";Apr 2007;"NW"
"536";536;"a";"c";4700;9;2002;1;31;2013;"Feb,May,Aug,Nov";Sep 2002;"NW"
"537";537;"a";"a";600;5;2002;1;1;2012;"Jan,Apr,Jul,Oct";May 2002;"BW"
"538";538;"a";"a";990;2;2010;0;NA;NA;"";Feb 2010;"SH"
"539";539;"a";"a";770;5;2013;1;40;2014;"Jan,Apr,Jul,Oct";May 2013;"BY"
"540";540;"d";"c";810;NA;NA;1;48;2012;"Jan,Apr,Jul,Oct";NA;"BY"
"541";541;"a";"c";650;7;1990;0;NA;NA;"";Jul 1990;"NW"
"542";542;"a";"a";7280;9;2012;1;1;2013;"Jan,Apr,Jul,Oct";Sep 2012;"BY"
"543";543;"c";"a";1080;12;2012;0;NA;NA;"";Dec 2012;"HE"
"544";544;"a";"a";250;12;2001;1;13;2010;"Jan,Apr,Jul,Oct";Dec 2001;"SN"
"545";545;"a";"c";5020;5;2006;1;18;2014;"Feb,May,Aug,Nov";May 2006;"NW"
"546";546;"a";"a";580;1;2005;0;NA;NA;"";Jan 2005;"HB, NI"
"547";547;"d";"c";8990;11;2009;1;35;2010;"Mar,Jun,Sept,Dec";Nov 2009;"BY"
"548";548;"d";"c";3760;2;2009;0;NA;NA;"";Feb 2009;"HE"
"549";549;"a";"c";2330;NA;NA;0;NA;NA;"";NA;"HH"
"550";550;"d";"c";50;NA;NA;0;NA;NA;"";NA;"HE"
"551";551;"a";"c";2190;9;2013;0;NA;NA;"";Sep 2013;"SH"
"552";552;"a";"a";4260;7;2008;1;37;2009;"Jan,Apr,Jul,Oct";Jul 2008;"HE"
"553";553;"c";"a";3040;9;2002;1;13;2010;"Jan,Apr,Jul,Oct";Sep 2002;"BW"
"554";554;"c";"c";1200;NA;NA;0;NA;NA;"";NA;"HH"
"555";555;"d";"a";1560;1;2014;1;10;2013;"Mar,Jun,Sept,Dec";Jan 2014;"BY"
"556";556;"d";"c";1140;11;2014;0;NA;NA;"";Nov 2014;"HB, NI"
"557";557;"a";"a";250;NA;NA;0;NA;NA;"";NA;"NW"
"558";558;"a";"a";3000;2;2010;0;NA;NA;"";Feb 2010;"HH"
"559";559;"d";"a";3910;11;2006;1;5;2013;"Feb,May,Aug,Nov";Nov 2006;"ST"
"560";560;"c";"c";1910;7;2013;0;NA;NA;"";Jul 2013;"HB, NI"
"561";561;"d";"a";14300;NA;NA;0;NA;NA;"";NA;"NW"
"562";562;"b";"c";1210;NA;NA;0;NA;NA;"";NA;"BE"
"563";563;"a";"a";700;NA;NA;1;10;2014;"Jan,Apr,Jul,Oct";NA;"NW"
"564";564;"d";"c";6540;NA;NA;1;14;2013;"Jan,Apr,Jul,Oct";NA;"NW"
"565";565;"a";"c";160;7;2007;0;NA;NA;"";Jul 2007;"NW"
"566";566;"a";"a";3620;NA;NA;1;40;2013;"Jan,Apr,Jul,Oct";NA;"HH"
"567";567;"c";"a";1010;9;2012;1;18;2011;"Feb,May,Aug,Nov";Sep 2012;"NW"
"568";568;"d";"c";4270;NA;NA;1;1;2013;"Jan,Apr,Jul,Oct";NA;"HE"
"569";569;"a";"a";1340;9;2006;0;NA;NA;"";Sep 2006;"HB, NI"
"570";570;"a";"a";180;11;2006;0;NA;NA;"";Nov 2006;"NW"
"571";571;"d";"a";2110;11;1995;1;40;2014;"Jan,Apr,Jul,Oct";Nov 1995;"BY"
"572";572;"d";"c";9230;4;2004;1;37;2009;"Jan,Apr,Jul,Oct";Apr 2004;"NW"
"573";573;"a";"a";1190;11;2012;1;36;2013;"Jan,Apr,Jul,Oct";Nov 2012;"BY"
"574";574;"d";"a";4400;NA;NA;0;NA;NA;"";NA;"BW"
"575";575;"a";"a";960;5;2008;1;13;2010;"Jan,Apr,Jul,Oct";May 2008;"BY"
"576";576;"c";"a";50;11;2006;0;NA;NA;"";Nov 2006;"HB, NI"
"577";577;"a";"c";2270;NA;NA;1;35;2012;"Mar,Jun,Sept,Dec";NA;"SH"
"578";578;"d";"a";12700;4;2013;0;NA;NA;"";Apr 2013;"SH"
"579";579;"c";"a";20970;11;2012;0;NA;NA;"";Nov 2012;"NW"
"580";580;"a";"c";170;2;2009;0;NA;NA;"";Feb 2009;"SH"
"581";581;"a";"a";7250;12;2013;0;NA;NA;"";Dec 2013;"RP"
"582";582;"a";"a";120;NA;NA;0;NA;NA;"";NA;"HE"
"583";583;"a";"a";2640;11;2002;0;NA;NA;"";Nov 2002;"ST"
"584";584;"d";"a";1360;NA;NA;1;35;2010;"Mar,Jun,Sept,Dec";NA;"HE"
"585";585;"d";"c";440;4;2014;0;NA;NA;"";Apr 2014;"SH"
"586";586;"a";"c";250;10;2008;0;NA;NA;"";Oct 2008;"NW"
"587";587;"d";"c";330;9;2006;1;14;2011;"Jan,Apr,Jul,Oct";Sep 2006;"BY"
"588";588;"d";"c";15720;3;2010;0;NA;NA;"";Mar 2010;"SH"
"589";589;"a";"c";360;NA;NA;1;18;2013;"Feb,May,Aug,Nov";NA;"HE"
"590";590;"d";"c";4520;9;2010;1;31;2013;"Jan,Apr,Jul,Oct";Sep 2010;"BW"
"591";591;"a";"c";3340;NA;NA;1;22;2012;"Mar,Jun,Sept,Dec";NA;"BW"
"592";592;"a";"a";2540;6;2005;0;NA;NA;"";Jun 2005;"NW"
"593";593;"a";"c";33060;3;2010;0;NA;NA;"";Mar 2010;"SH"
"594";594;"a";"a";1790;10;2011;0;NA;NA;"";Oct 2011;"HB, NI"
"595";595;"c";"c";1130;NA;NA;0;NA;NA;"";NA;"HB, NI"
"596";596;"c";"a";290;9;2006;0;NA;NA;"";Sep 2006;"HB, NI"
"597";597;"a";"a";150;9;2008;1;1;2012;"Mar,Jun,Sept,Dec";Sep 2008;"RP"
"598";598;"c";"a";550;12;2013;1;40;2014;"Jan,Apr,Jul,Oct";Dec 2013;"BY"
"599";599;"d";"c";580;11;2014;0;NA;NA;"";Nov 2014;"HB, NI"
"600";600;"d";"c";17340;6;2010;1;9;2011;"Feb,May,Aug,Nov";Jun 2010;"SH"
"601";601;"d";"a";8220;4;2014;1;14;2011;"Jan,Apr,Jul,Oct";Apr 2014;"HE"
"602";602;"a";"a";2710;7;2001;1;22;2012;"Mar,Jun,Sept,Dec";Jul 2001;"HE"
"603";603;"a";"a";340;4;2007;1;13;2010;"Jan,Apr,Jul,Oct";Apr 2007;"BW"
"604";604;"d";"a";10950;3;2014;0;NA;NA;"";Mar 2014;"BY"
"605";605;"d";"a";10310;4;2003;1;37;2009;"Jan,Apr,Jul,Oct";Apr 2003;"BW"
"606";606;"a";"a";2260;11;2007;0;NA;NA;"";Nov 2007;"HB, NI"
"607";607;"a";"a";350;8;1999;1;14;2011;"Jan,Apr,Jul,Oct";Aug 1999;"TH"
"608";608;"a";"c";18370;2;2013;1;14;2011;"Jan,Apr,Jul,Oct";Feb 2013;"ST"
"609";609;"a";"a";2070;9;2007;0;NA;NA;"";Sep 2007;"HB, NI"
"610";610;"a";"a";660;1;2007;0;NA;NA;"";Jan 2007;"NW"
"611";611;"a";"a";8080;12;2002;1;40;2014;"Jan,Apr,Jul,Oct";Dec 2002;"BY"
"612";612;"d";"c";2490;11;2012;1;31;2009;"Jan,Apr,Jul,Oct";Nov 2012;"BY"
"613";613;"c";"a";250;6;2007;1;14;2011;"Jan,Apr,Jul,Oct";Jun 2007;"TH"
"614";614;"a";"a";1160;12;2012;0;NA;NA;"";Dec 2012;"SN"
"615";615;"d";"a";730;8;2007;0;NA;NA;"";Aug 2007;"HE"
"616";616;"a";"c";3040;8;2011;1;35;2010;"Mar,Jun,Sept,Dec";Aug 2011;"NW"
"617";617;"a";"c";8940;NA;NA;1;9;2011;"Jan,Apr,Jul,Oct";NA;"SN"
"618";618;"d";"c";9910;NA;NA;0;NA;NA;"";NA;"HE"
"619";619;"a";"a";1600;6;2006;1;45;2009;"Feb,May,Aug,Nov";Jun 2006;"BY"
"620";620;"d";"c";5440;NA;NA;1;40;2014;"Jan,Apr,Jul,Oct";NA;"BY"
"621";621;"a";"a";30;7;2002;0;NA;NA;"";Jul 2002;"NW"
"622";622;"a";"c";NA;NA;NA;0;NA;NA;"";NA;"SH"
"623";623;"a";"a";4080;3;2011;1;13;2010;"Jan,Apr,Jul,Oct";Mar 2011;"NW"
"624";624;"a";"c";6920;9;2011;0;NA;NA;"";Sep 2011;"NW"
"625";625;"a";"a";1170;4;2011;1;22;2012;"Feb,May,Aug,Nov";Apr 2011;"NW"
"626";626;"c";"c";10740;11;2013;0;NA;NA;"";Nov 2013;"SN"
"627";627;"c";"c";3970;3;2010;0;NA;NA;"";Mar 2010;"HE"
"628";628;"a";"c";2180;NA;NA;0;NA;NA;"";NA;"BE"
"629";629;"d";"a";510;7;2014;1;23;2015;"Mar,Jun,Sept,Dec";Jul 2014;"BY"
"630";630;"a";"a";1690;NA;NA;0;NA;NA;"";NA;"TH"
"631";631;"d";"c";2870;NA;NA;1;35;2012;"Mar,Jun,Sept,Dec";NA;"SH"
"632";632;"a";"a";3350;2;2010;0;NA;NA;"";Feb 2010;"HH"
"633";633;"d";"a";11640;4;2005;1;22;2011;"Jan,Apr,Jul,Oct";Apr 2005;"BY"
"634";634;"d";"a";18610;NA;NA;0;NA;NA;"";NA;"SN"
"635";635;"a";"a";27530;4;2014;0;NA;NA;"";Apr 2014;"ST"
"636";636;"c";"a";720;10;2004;1;13;2010;"Jan,Apr,Jul,Oct";Oct 2004;"BY"
"637";637;"d";"c";9790;NA;NA;1;31;2009;"Feb,May,Aug,Nov";NA;"BY"
"638";638;"d";"a";10170;11;2001;0;NA;NA;"";Nov 2001;"BY"
"639";639;"a";"a";7780;11;2006;0;NA;NA;"";Nov 2006;"NW"
"640";640;"d";"c";8040;NA;NA;0;NA;NA;"";NA;"NW"
"641";641;"a";"c";610;12;2003;1;36;2013;"Mar,Jun,Sept,Dec";Dec 2003;"NW"
"642";642;"c";"c";530;4;2005;1;35;2010;"Mar,Jun,Sept,Dec";Apr 2005;"NW"
"643";643;"a";"a";230;6;2010;1;18;2010;"Feb,May,Aug,Nov";Jun 2010;"SH"
"644";644;"c";"a";4030;12;2004;1;14;2011;"Jan,Apr,Jul,Oct";Dec 2004;"BY"
"645";645;"a";"a";90;NA;NA;1;45;2009;"Feb,May,Aug,Nov";NA;"BW"
"646";646;"a";"a";620;9;2014;0;NA;NA;"";Sep 2014;"BY"
"647";647;"a";"c";7420;4;2013;0;NA;NA;"";Apr 2013;"SH"
"648";648;"d";"a";2130;12;2008;0;NA;NA;"";Dec 2008;"HB, NI"
"649";649;"a";"a";14570;11;2002;0;NA;NA;"";Nov 2002;"ST"
"650";650;"a";"a";1420;10;2012;1;40;2014;"Jan,Apr,Jul,Oct";Oct 2012;"BY"
"651";651;"a";"a";200;NA;NA;0;NA;NA;"";NA;"NW"
"652";652;"a";"a";20390;NA;NA;0;NA;NA;"";NA;"TH"
"653";653;"d";"c";7520;7;2014;1;45;2009;"Feb,May,Aug,Nov";Jul 2014;"NW"
"654";654;"c";"a";6930;9;2006;0;NA;NA;"";Sep 2006;"SN"
"655";655;"d";"c";960;11;2012;1;5;2013;"Feb,May,Aug,Nov";Nov 2012;"NW"
"656";656;"d";"a";410;4;2009;1;13;2010;"Jan,Apr,Jul,Oct";Apr 2009;"HE"
"657";657;"c";"c";80;1;2006;1;10;2014;"Jan,Apr,Jul,Oct";Jan 2006;"NW"
"658";658;"d";"c";520;NA;NA;1;37;2009;"Jan,Apr,Jul,Oct";NA;"NW"
"659";659;"d";"a";1590;3;2012;0;NA;NA;"";Mar 2012;"HE"
"660";660;"a";"a";1200;11;2006;1;40;2014;"Jan,Apr,Jul,Oct";Nov 2006;"BY"
"661";661;"d";"c";2140;7;2013;0;NA;NA;"";Jul 2013;"HE"
"662";662;"d";"a";1070;NA;NA;0;NA;NA;"";NA;"BE"
"663";663;"a";"c";7860;5;2005;0;NA;NA;"";May 2005;"BW"
"664";664;"d";"c";1680;10;2005;0;NA;NA;"";Oct 2005;"ST"
"665";665;"a";"a";90;12;2012;1;14;2011;"Jan,Apr,Jul,Oct";Dec 2012;"HE"
"666";666;"c";"c";2700;NA;NA;1;9;2011;"Mar,Jun,Sept,Dec";NA;"BW"
"667";667;"d";"c";2870;9;2012;0;NA;NA;"";Sep 2012;"SH"
"668";668;"c";"a";1270;9;2010;0;NA;NA;"";Sep 2010;"HB, NI"
"669";669;"d";"a";17080;7;2012;1;31;2013;"Jan,Apr,Jul,Oct";Jul 2012;"BY"
"670";670;"a";"a";2060;NA;NA;1;45;2009;"Feb,May,Aug,Nov";NA;"BY"
"671";671;"a";"c";2070;2;2008;1;39;2010;"Jan,Apr,Jul,Oct";Feb 2008;"BY"
"672";672;"c";"a";240;9;2002;0;NA;NA;"";Sep 2002;"SN"
"673";673;"d";"c";15170;NA;NA;1;5;2013;"Feb,May,Aug,Nov";NA;"BW"
"674";674;"a";"a";2640;12;2005;1;31;2013;"Feb,May,Aug,Nov";Dec 2005;"NW"
"675";675;"a";"a";2100;8;2013;1;14;2011;"Jan,Apr,Jul,Oct";Aug 2013;"NW"
"676";676;"b";"b";1410;9;2008;0;NA;NA;"";Sep 2008;"HE"
"677";677;"d";"a";1740;6;2014;1;45;2009;"Feb,May,Aug,Nov";Jun 2014;"BY"
"678";678;"c";"a";3250;NA;NA;1;40;2011;"Jan,Apr,Jul,Oct";NA;"NW"
"679";679;"a";"a";4140;9;2012;0;NA;NA;"";Sep 2012;"HB, NI"
"680";680;"c";"a";170;NA;NA;1;35;2012;"Mar,Jun,Sept,Dec";NA;"SH"
"681";681;"a";"c";620;NA;NA;1;1;2014;"Mar,Jun,Sept,Dec";NA;"RP"
"682";682;"b";"a";150;9;2006;0;NA;NA;"";Sep 2006;"HB, NI"
"683";683;"a";"a";2850;7;2014;0;NA;NA;"";Jul 2014;"HB, NI"
"684";684;"d";"c";680;NA;NA;1;22;2012;"Jan,Apr,Jul,Oct";NA;"BY"
"685";685;"a";"a";650;11;2013;1;37;2009;"Jan,Apr,Jul,Oct";Nov 2013;"NW"
"686";686;"a";"a";20050;4;2002;0;NA;NA;"";Apr 2002;"SN"
"687";687;"d";"c";2770;NA;NA;0;NA;NA;"";NA;"NW"
"688";688;"a";"a";18760;NA;NA;1;14;2011;"Jan,Apr,Jul,Oct";NA;"ST"
"689";689;"d";"a";15040;10;2004;0;NA;NA;"";Oct 2004;"HE"
"690";690;"a";"a";100;NA;NA;0;NA;NA;"";NA;"NW"
"691";691;"d";"c";3030;NA;NA;1;37;2009;"Jan,Apr,Jul,Oct";NA;"NW"
"692";692;"a";"a";40;8;2001;0;NA;NA;"";Aug 2001;"NW"
"693";693;"d";"a";450;NA;NA;1;40;2011;"Jan,Apr,Jul,Oct";NA;"HE"
"694";694;"a";"c";460;11;2012;1;40;2014;"Jan,Apr,Jul,Oct";Nov 2012;"BY"
"695";695;"a";"a";550;7;2011;1;1;2012;"Jan,Apr,Jul,Oct";Jul 2011;"NW"
"696";696;"a";"c";430;NA;NA;0;NA;NA;"";NA;"HH"
"697";697;"d";"a";3780;NA;NA;1;40;2011;"Jan,Apr,Jul,Oct";NA;"NW"
"698";698;"a";"a";1790;5;2011;0;NA;NA;"";May 2011;"HB, NI"
"699";699;"a";"a";180;NA;NA;1;5;2013;"Jan,Apr,Jul,Oct";NA;"HE"
"700";700;"a";"c";830;NA;NA;1;27;2013;"Jan,Apr,Jul,Oct";NA;"HE"
"701";701;"d";"a";1450;3;2012;1;14;2011;"Jan,Apr,Jul,Oct";Mar 2012;"BY"
"702";702;"a";"a";8550;9;2001;1;45;2009;"Feb,May,Aug,Nov";Sep 2001;"BY"
"703";703;"a";"a";80;6;2005;0;NA;NA;"";Jun 2005;"NW"
"704";704;"d";"c";1910;4;2009;0;NA;NA;"";Apr 2009;"HB, NI"
"705";705;"a";"a";4140;9;2012;1;18;2011;"Feb,May,Aug,Nov";Sep 2012;"NW"
"706";706;"d";"a";7830;9;2014;1;10;2014;"Mar,Jun,Sept,Dec";Sep 2014;"BY"
"707";707;"a";"c";2900;7;1990;0;NA;NA;"";Jul 1990;"NW"
"708";708;"c";"c";11470;10;2009;1;18;2014;"Jan,Apr,Jul,Oct";Oct 2009;"SN"
"709";709;"a";"a";500;12;2010;0;NA;NA;"";Dec 2010;"HB, NI"
"710";710;"d";"a";1500;9;2008;1;14;2011;"Jan,Apr,Jul,Oct";Sep 2008;"BY"
"711";711;"d";"a";17110;3;2007;1;5;2010;"Jan,Apr,Jul,Oct";Mar 2007;"BY"
"712";712;"a";"a";4870;9;2007;1;45;2009;"Jan,Apr,Jul,Oct";Sep 2007;"BY"
"713";713;"a";"c";220;NA;NA;1;10;2014;"Jan,Apr,Jul,Oct";NA;"NW"
"714";714;"d";"c";12070;10;2005;1;10;2013;"Jan,Apr,Jul,Oct";Oct 2005;"BW"
"715";715;"a";"a";14810;6;2014;0;NA;NA;"";Jun 2014;"ST"
"716";716;"d";"a";3200;1;2008;1;22;2011;"Jan,Apr,Jul,Oct";Jan 2008;"BY"
"717";717;"d";"c";310;NA;NA;1;40;2011;"Jan,Apr,Jul,Oct";NA;"NW"
"718";718;"a";"a";1100;NA;NA;0;NA;NA;"";NA;"HE"
"719";719;"c";"c";8190;NA;NA;1;45;2009;"Feb,May,Aug,Nov";NA;"BY"
"720";720;"a";"c";15320;3;2011;1;14;2013;"Feb,May,Aug,Nov";Mar 2011;"SH"
"721";721;"a";"c";3590;9;2012;1;22;2012;"Mar,Jun,Sept,Dec";Sep 2012;"SH"
"722";722;"a";"a";50;NA;NA;0;NA;NA;"";NA;"BE"
"723";723;"d";"c";5650;9;2008;1;5;2013;"Feb,May,Aug,Nov";Sep 2008;"HE"
"724";724;"d";"c";5900;NA;NA;0;NA;NA;"";NA;"NW"
"725";725;"d";"c";17540;6;2012;0;NA;NA;"";Jun 2012;"SH"
"726";726;"a";"c";40540;2;2002;0;NA;NA;"";Feb 2002;"SN"
"727";727;"a";"a";2050;3;2007;0;NA;NA;"";Mar 2007;"HE"
"728";728;"d";"a";13990;NA;NA;1;14;2011;"Jan,Apr,Jul,Oct";NA;"BW"
"729";729;"c";"c";8980;6;2011;0;NA;NA;"";Jun 2011;"NW"
"730";730;"c";"a";1190;9;2013;0;NA;NA;"";Sep 2013;"HB, NI"
"731";731;"a";"a";15270;NA;NA;1;10;2014;"Jan,Apr,Jul,Oct";NA;"NW"
"732";732;"a";"c";35280;NA;NA;0;NA;NA;"";NA;"SH"
"733";733;"b";"b";860;10;1999;0;NA;NA;"";Oct 1999;"NW"
"734";734;"a";"a";220;NA;NA;1;36;2013;"Mar,Jun,Sept,Dec";NA;"NW"
"735";735;"d";"c";1920;4;2005;0;NA;NA;"";Apr 2005;"ST"
"736";736;"c";"c";1650;NA;NA;1;14;2011;"Jan,Apr,Jul,Oct";NA;"BY"
"737";737;"a";"a";100;5;2007;1;31;2013;"Jan,Apr,Jul,Oct";May 2007;"NW"
"738";738;"d";"c";5980;10;2005;0;NA;NA;"";Oct 2005;"NW"
"739";739;"d";"c";2770;6;2008;1;22;2011;"Jan,Apr,Jul,Oct";Jun 2008;"BY"
"740";740;"d";"a";6400;3;2014;0;NA;NA;"";Mar 2014;"HE"
"741";741;"d";"c";11900;NA;NA;0;NA;NA;"";NA;"BE"
"742";742;"d";"c";4380;NA;NA;0;NA;NA;"";NA;"NW"
"743";743;"a";"a";6710;11;2003;1;14;2012;"Jan,Apr,Jul,Oct";Nov 2003;"SN"
"744";744;"a";"a";1370;12;2011;1;40;2014;"Jan,Apr,Jul,Oct";Dec 2011;"BY"
"745";745;"a";"a";17650;11;2013;1;37;2009;"Jan,Apr,Jul,Oct";Nov 2013;"SN"
"746";746;"d";"c";4330;2;2011;1;35;2011;"Mar,Jun,Sept,Dec";Feb 2011;"HE"
"747";747;"c";"c";45740;8;2008;0;NA;NA;"";Aug 2008;"ST"
"748";748;"d";"a";2380;3;2010;1;14;2011;"Jan,Apr,Jul,Oct";Mar 2010;"NW"
"749";749;"a";"a";3410;8;2011;1;14;2015;"Jan,Apr,Jul,Oct";Aug 2011;"RP"
"750";750;"d";"a";8670;2;2002;1;14;2011;"Jan,Apr,Jul,Oct";Feb 2002;"BY"
"751";751;"a";"a";650;10;2006;0;NA;NA;"";Oct 2006;"NW"
"752";752;"a";"a";970;3;2013;1;31;2013;"Feb,May,Aug,Nov";Mar 2013;"NW"
"753";753;"d";"c";540;11;2012;1;35;2010;"Mar,Jun,Sept,Dec";Nov 2012;"NW"
"754";754;"c";"c";380;5;2008;1;10;2014;"Mar,Jun,Sept,Dec";May 2008;"TH"
"755";755;"d";"c";13130;12;2003;0;NA;NA;"";Dec 2003;"TH"
"756";756;"a";"c";50;NA;NA;1;40;2011;"Jan,Apr,Jul,Oct";NA;"NW"
"757";757;"a";"c";3450;NA;NA;0;NA;NA;"";NA;"BW"
"758";758;"a";"c";19780;6;2008;0;NA;NA;"";Jun 2008;"BW"
"759";759;"a";"a";110;11;2012;1;31;2013;"Feb,May,Aug,Nov";Nov 2012;"NW"
"760";760;"a";"a";560;1;2011;0;NA;NA;"";Jan 2011;"HB, NI"
"761";761;"a";"a";2390;9;2012;0;NA;NA;"";Sep 2012;"HB, NI"
"762";762;"d";"c";1280;NA;NA;1;10;2013;"Mar,Jun,Sept,Dec";NA;"BW"
"763";763;"d";"c";32240;3;2010;0;NA;NA;"";Mar 2010;"SH"
"764";764;"a";"c";26490;NA;NA;1;10;2014;"Mar,Jun,Sept,Dec";NA;"RP"
"765";765;"a";"c";25430;5;1999;1;37;2009;"Jan,Apr,Jul,Oct";May 1999;"BW"
"766";766;"d";"c";9820;NA;NA;0;NA;NA;"";NA;"BY"
"767";767;"a";"c";13080;NA;NA;0;NA;NA;"";NA;"SH"
"768";768;"a";"c";2630;9;2012;0;NA;NA;"";Sep 2012;"SH"
"769";769;"b";"b";840;NA;NA;1;48;2012;"Jan,Apr,Jul,Oct";NA;"NW"
"770";770;"a";"c";100;NA;NA;0;NA;NA;"";NA;"NW"
"771";771;"a";"a";20640;9;2007;0;NA;NA;"";Sep 2007;"BY"
"772";772;"d";"c";1850;NA;NA;0;NA;NA;"";NA;"HH"
"773";773;"a";"a";200;NA;NA;0;NA;NA;"";NA;"HE"
"774";774;"a";"c";640;9;2013;0;NA;NA;"";Sep 2013;"SH"
"775";775;"d";"c";6970;12;2005;1;22;2011;"Jan,Apr,Jul,Oct";Dec 2005;"BY"
"776";776;"c";"a";700;4;2009;1;14;2011;"Jan,Apr,Jul,Oct";Apr 2009;"NW"
"777";777;"d";"c";8250;10;2004;1;10;2013;"Mar,Jun,Sept,Dec";Oct 2004;"BW"
"778";778;"a";"a";340;6;2003;1;40;2014;"Jan,Apr,Jul,Oct";Jun 2003;"BY"
"779";779;"a";"a";16990;4;2004;0;NA;NA;"";Apr 2004;"SN"
"780";780;"a";"a";18160;NA;NA;0;NA;NA;"";NA;"SN"
"781";781;"a";"a";630;4;2007;0;NA;NA;"";Apr 2007;"ST"
"782";782;"c";"c";5390;8;2003;1;1;2012;"Jan,Apr,Jul,Oct";Aug 2003;"RP"
"783";783;"d";"c";15490;NA;NA;0;NA;NA;"";NA;"TH"
"784";784;"a";"a";560;10;2014;1;10;2014;"Jan,Apr,Jul,Oct";Oct 2014;"NW"
"785";785;"d";"c";970;7;2005;1;31;2013;"Feb,May,Aug,Nov";Jul 2005;"NW"
"786";786;"a";"a";290;11;2006;1;5;2013;"Feb,May,Aug,Nov";Nov 2006;"ST"
"787";787;"c";"c";3210;6;2009;0;NA;NA;"";Jun 2009;"SN"
"788";788;"a";"c";1530;3;2013;0;NA;NA;"";Mar 2013;"HB, NI"
"789";789;"a";"c";9770;7;2003;0;NA;NA;"";Jul 2003;"BW"
"790";790;"d";"c";9070;12;2003;0;NA;NA;"";Dec 2003;"HE"
"791";791;"a";"a";5950;4;2007;0;NA;NA;"";Apr 2007;"NW"
"792";792;"d";"a";17280;10;2009;1;18;2011;"Feb,May,Aug,Nov";Oct 2009;"NW"
"793";793;"d";"a";2710;7;2006;0;NA;NA;"";Jul 2006;"NW"
"794";794;"c";"c";5090;9;2006;0;NA;NA;"";Sep 2006;"SN"
"795";795;"d";"a";510;NA;NA;1;35;2010;"Mar,Jun,Sept,Dec";NA;"NW"
"796";796;"a";"c";7180;11;2012;0;NA;NA;"";Nov 2012;"NW"
"797";797;"a";"a";2090;10;2012;1;40;2014;"Jan,Apr,Jul,Oct";Oct 2012;"BY"
"798";798;"a";"a";9560;4;2001;0;NA;NA;"";Apr 2001;"SN"
"799";799;"a";"c";2700;NA;NA;0;NA;NA;"";NA;"NW"
"800";800;"d";"a";2020;7;2014;0;NA;NA;"";Jul 2014;"RP"
"801";801;"d";"a";48330;4;2013;0;NA;NA;"";Apr 2013;"SH"
"802";802;"a";"c";910;NA;NA;1;22;2011;"Feb,May,Aug,Nov";NA;"SH"
"803";803;"d";"a";1760;NA;NA;1;10;2014;"Mar,Jun,Sept,Dec";NA;"HE"
"804";804;"c";"c";2100;NA;NA;1;1;2013;"Jan,Apr,Jul,Oct";NA;"BY"
"805";805;"d";"a";24770;10;2011;1;10;2014;"Mar,Jun,Sept,Dec";Oct 2011;"BY"
"806";806;"d";"a";260;NA;NA;1;44;2010;"Feb,May,Aug,Nov";NA;"BY"
"807";807;"a";"a";3870;4;2008;0;NA;NA;"";Apr 2008;"HE"
"808";808;"a";"a";18620;NA;NA;1;31;2009;"Feb,May,Aug,Nov";NA;"SN"
"809";809;"a";"a";12770;10;2000;0;NA;NA;"";Oct 2000;"NW"
"810";810;"d";"c";9640;11;2013;0;NA;NA;"";Nov 2013;"RP"
"811";811;"a";"a";410;9;2012;0;NA;NA;"";Sep 2012;"SH"
"812";812;"d";"a";2590;9;2012;0;NA;NA;"";Sep 2012;"SN"
"813";813;"a";"a";1560;9;2003;0;NA;NA;"";Sep 2003;"BW"
"814";814;"d";"c";24530;7;2013;0;NA;NA;"";Jul 2013;"TH"
"815";815;"a";"a";590;1;1900;1;40;2014;"Jan,Apr,Jul,Oct";Jan 1900;"BY"
"816";816;"c";"c";460;NA;NA;0;NA;NA;"";NA;"NW"
"817";817;"a";"a";140;3;2006;0;NA;NA;"";Mar 2006;"HB, NI"
"818";818;"d";"a";490;NA;NA;1;35;2010;"Mar,Jun,Sept,Dec";NA;"HE"
"819";819;"a";"c";720;10;2014;0;NA;NA;"";Oct 2014;"SH"
"820";820;"a";"c";1650;NA;NA;1;40;2014;"Jan,Apr,Jul,Oct";NA;"BY"
"821";821;"a";"a";1700;9;2009;0;NA;NA;"";Sep 2009;"HB, NI"
"822";822;"a";"c";410;11;2010;1;48;2010;"Mar,Jun,Sept,Dec";Nov 2010;"SH"
"823";823;"a";"c";16210;11;2010;0;NA;NA;"";Nov 2010;"SH"
"824";824;"a";"a";17570;NA;NA;0;NA;NA;"";NA;"SH"
"825";825;"a";"a";380;5;2011;1;40;2014;"Jan,Apr,Jul,Oct";May 2011;"BY"
"826";826;"a";"c";7980;6;2005;0;NA;NA;"";Jun 2005;"NW"
"827";827;"a";"c";250;1;2005;0;NA;NA;"";Jan 2005;"HB, NI"
"828";828;"d";"c";3290;12;2014;0;NA;NA;"";Dec 2014;"ST"
"829";829;"c";"a";110;NA;NA;0;NA;NA;"";NA;"HE"
"830";830;"a";"c";6320;NA;NA;1;5;2011;"Jan,Apr,Jul,Oct";NA;"SN"
"831";831;"a";"a";800;6;2007;0;NA;NA;"";Jun 2007;"NW"
"832";832;"d";"a";5070;NA;NA;1;45;2009;"Feb,May,Aug,Nov";NA;"HE"
"833";833;"d";"c";3290;12;1999;1;35;2010;"Mar,Jun,Sept,Dec";Dec 1999;"RP"
"834";834;"a";"a";3470;3;2012;0;NA;NA;"";Mar 2012;"HB, NI"
"835";835;"a";"a";2890;12;2007;1;10;2014;"Mar,Jun,Sept,Dec";Dec 2007;"NW"
"836";836;"a";"a";2720;9;2012;0;NA;NA;"";Sep 2012;"SN"
"837";837;"a";"c";14600;NA;NA;0;NA;NA;"";NA;"HE"
"838";838;"d";"c";6890;NA;NA;1;48;2011;"Mar,Jun,Sept,Dec";NA;"TH"
"839";839;"c";"a";240;NA;NA;0;NA;NA;"";NA;"HB, NI"
"840";840;"a";"a";1070;9;2009;0;NA;NA;"";Sep 2009;"BE"
"841";841;"a";"a";27650;8;2004;0;NA;NA;"";Aug 2004;"SN"
"842";842;"d";"c";1200;11;2007;0;NA;NA;"";Nov 2007;"BY"
"843";843;"c";"a";60;4;2006;0;NA;NA;"";Apr 2006;"HB, NI"
"844";844;"a";"a";2030;9;2012;1;18;2011;"Feb,May,Aug,Nov";Sep 2012;"NW"
"845";845;"d";"a";7860;11;2005;1;14;2011;"Jan,Apr,Jul,Oct";Nov 2005;"NW"
"846";846;"a";"c";8860;4;2004;1;37;2009;"Jan,Apr,Jul,Oct";Apr 2004;"NW"
"847";847;"c";"c";190;NA;NA;1;31;2013;"Feb,May,Aug,Nov";NA;"NW"
"848";848;"a";"c";370;7;2007;1;14;2011;"Jan,Apr,Jul,Oct";Jul 2007;"BW"
"849";849;"c";"c";5000;NA;NA;0;NA;NA;"";NA;"BE"
"850";850;"d";"a";1120;5;2007;1;31;2013;"Jan,Apr,Jul,Oct";May 2007;"NW"
"851";851;"d";"c";2330;NA;NA;1;49;2014;"Mar,Jun,Sept,Dec";NA;"BY"
"852";852;"c";"a";940;4;2004;1;14;2011;"Jan,Apr,Jul,Oct";Apr 2004;"HE"
"853";853;"a";"a";14040;NA;NA;0;NA;NA;"";NA;"BW"
"854";854;"c";"a";4770;NA;NA;1;13;2010;"Jan,Apr,Jul,Oct";NA;"SN"
"855";855;"a";"a";3440;NA;NA;1;45;2009;"Feb,May,Aug,Nov";NA;"BW"
"856";856;"a";"a";3020;2;2010;0;NA;NA;"";Feb 2010;"HH"
"857";857;"c";"a";6270;8;2005;1;23;2014;"Mar,Jun,Sept,Dec";Aug 2005;"HE"
"858";858;"a";"a";3370;12;2008;1;40;2014;"Jan,Apr,Jul,Oct";Dec 2008;"BY"
"859";859;"c";"a";21770;NA;NA;0;NA;NA;"";NA;"BY"
"860";860;"c";"c";5980;2;2010;0;NA;NA;"";Feb 2010;"HH"
"861";861;"c";"c";740;NA;NA;1;14;2013;"Mar,Jun,Sept,Dec";NA;"RP"
"862";862;"a";"c";2840;3;2010;1;14;2011;"Jan,Apr,Jul,Oct";Mar 2010;"SH"
"863";863;"a";"c";21370;11;2010;0;NA;NA;"";Nov 2010;"SH"
"864";864;"a";"a";1020;10;2012;1;45;2009;"Feb,May,Aug,Nov";Oct 2012;"BW"
"865";865;"d";"c";2640;NA;NA;0;NA;NA;"";NA;"NW"
"866";866;"d";"a";9680;NA;NA;1;5;2013;"Feb,May,Aug,Nov";NA;"HE"
"867";867;"d";"c";21810;9;2012;0;NA;NA;"";Sep 2012;"SH"
"868";868;"d";"c";1360;8;2005;1;10;2014;"Jan,Apr,Jul,Oct";Aug 2005;"HE"
"869";869;"c";"a";230;10;2001;1;14;2011;"Jan,Apr,Jul,Oct";Oct 2001;"SN"
"870";870;"a";"a";780;4;2009;0;NA;NA;"";Apr 2009;"HB, NI"
"871";871;"d";"c";10620;NA;NA;0;NA;NA;"";NA;"HE"
"872";872;"a";"c";3860;9;2014;1;23;2015;"Mar,Jun,Sept,Dec";Sep 2014;"NW"
"873";873;"a";"a";2040;11;2008;0;NA;NA;"";Nov 2008;"SN"
"874";874;"a";"a";3210;NA;NA;0;NA;NA;"";NA;"BE"
"875";875;"d";"a";5070;11;2007;1;18;2015;"Feb,May,Aug,Nov";Nov 2007;"RP"
"876";876;"a";"a";21790;4;2005;1;18;2015;"Feb,May,Aug,Nov";Apr 2005;"ST"
"877";877;"a";"c";29190;NA;NA;0;NA;NA;"";NA;"SH"
"878";878;"d";"c";1100;12;2014;0;NA;NA;"";Dec 2014;"ST"
"879";879;"d";"a";NA;NA;NA;1;5;2013;"Feb,May,Aug,Nov";NA;"BY"
"880";880;"a";"c";4570;NA;NA;0;NA;NA;"";NA;"BW"
"881";881;"a";"a";180;3;2008;1;31;2013;"Feb,May,Aug,Nov";Mar 2008;"NW"
"882";882;"a";"a";30;4;2013;0;NA;NA;"";Apr 2013;"NW"
"883";883;"a";"a";3200;6;2005;0;NA;NA;"";Jun 2005;"NW"
"884";884;"d";"c";7550;NA;NA;0;NA;NA;"";NA;"BY"
"885";885;"a";"a";480;12;2005;0;NA;NA;"";Dec 2005;"NW"
"886";886;"a";"c";12430;10;2004;0;NA;NA;"";Oct 2004;"NW"
"887";887;"d";"a";19700;NA;NA;1;37;2009;"Jan,Apr,Jul,Oct";NA;"HE"
"888";888;"d";"a";4450;6;2012;1;35;2012;"Mar,Jun,Sept,Dec";Jun 2012;"SH"
"889";889;"d";"a";18670;12;2005;0;NA;NA;"";Dec 2005;"ST"
"890";890;"a";"a";4450;NA;NA;1;14;2011;"Jan,Apr,Jul,Oct";NA;"BY"
"891";891;"a";"c";350;NA;NA;1;31;2013;"Feb,May,Aug,Nov";NA;"NW"
"892";892;"a";"a";19370;4;2002;0;NA;NA;"";Apr 2002;"SN"
"893";893;"a";"a";130;NA;NA;1;1;2013;"Jan,Apr,Jul,Oct";NA;"BY"
"894";894;"a";"a";190;11;2012;0;NA;NA;"";Nov 2012;"NW"
"895";895;"a";"c";4150;NA;NA;0;NA;NA;"";NA;"BW"
"896";896;"a";"c";170;9;2012;0;NA;NA;"";Sep 2012;"SH"
"897";897;"c";"c";3290;1;2007;1;5;2013;"Feb,May,Aug,Nov";Jan 2007;"RP"
"898";898;"a";"a";18540;NA;NA;0;NA;NA;"";NA;"TH"
"899";899;"d";"a";2590;NA;NA;1;13;2010;"Jan,Apr,Jul,Oct";NA;"SN"
"900";900;"a";"a";3920;4;2005;1;40;2014;"Jan,Apr,Jul,Oct";Apr 2005;"BY"
"901";901;"a";"c";3170;4;2014;0;NA;NA;"";Apr 2014;"SH"
"902";902;"a";"a";310;NA;NA;1;40;2014;"Jan,Apr,Jul,Oct";NA;"BY"
"903";903;"d";"c";7290;9;2014;0;NA;NA;"";Sep 2014;"BY"
"904";904;"d";"c";570;7;2013;1;14;2011;"Jan,Apr,Jul,Oct";Jul 2013;"BY"
"905";905;"a";"a";90;6;2014;0;NA;NA;"";Jun 2014;"NW"
"906";906;"a";"a";90;7;2010;0;NA;NA;"";Jul 2010;"HE"
"907";907;"a";"c";250;NA;NA;0;NA;NA;"";NA;"NW"
"908";908;"a";"a";1980;7;2010;1;37;2009;"Jan,Apr,Jul,Oct";Jul 2010;"HE"
"909";909;"a";"c";1680;NA;NA;1;45;2009;"Feb,May,Aug,Nov";NA;"BY"
"910";910;"d";"c";12480;NA;NA;1;1;2013;"Jan,Apr,Jul,Oct";NA;"ST"
"911";911;"a";"c";16490;NA;NA;0;NA;NA;"";NA;"SH"
"912";912;"c";"c";3100;5;2010;0;NA;NA;"";May 2010;"SH"
"913";913;"a";"a";280;NA;NA;0;NA;NA;"";NA;"RP"
"914";914;"c";"c";2640;4;2011;1;22;2012;"Mar,Jun,Sept,Dec";Apr 2011;"SH"
"915";915;"d";"c";650;3;2013;1;40;2014;"Jan,Apr,Jul,Oct";Mar 2013;"BY"
"916";916;"a";"a";90;11;2012;0;NA;NA;"";Nov 2012;"NW"
"917";917;"a";"a";7240;2;2010;0;NA;NA;"";Feb 2010;"NW"
"918";918;"a";"c";18710;NA;NA;0;NA;NA;"";NA;"SN"
"919";919;"a";"a";2620;NA;NA;1;45;2009;"Feb,May,Aug,Nov";NA;"BY"
"920";920;"a";"a";850;2;2012;1;40;2014;"Jan,Apr,Jul,Oct";Feb 2012;"BY"
"921";921;"a";"a";840;9;2006;0;NA;NA;"";Sep 2006;"SN"
"922";922;"d";"a";2110;3;2006;0;NA;NA;"";Mar 2006;"NW"
"923";923;"a";"a";280;9;2008;0;NA;NA;"";Sep 2008;"HB, NI"
"924";924;"a";"a";6420;4;2011;1;1;2012;"Jan,Apr,Jul,Oct";Apr 2011;"NW"
"925";925;"c";"a";470;3;2007;1;1;2012;"Jan,Apr,Jul,Oct";Mar 2007;"BW"
"926";926;"d";"c";5150;3;2011;1;13;2010;"Jan,Apr,Jul,Oct";Mar 2011;"NW"
"927";927;"a";"a";480;NA;NA;0;NA;NA;"";NA;"NW"
"928";928;"d";"c";1090;NA;NA;1;31;2013;"Feb,May,Aug,Nov";NA;"NW"
"929";929;"a";"c";4820;9;2013;0;NA;NA;"";Sep 2013;"SH"
"930";930;"a";"a";70;NA;NA;0;NA;NA;"";NA;"NW"
"931";931;"a";"c";1480;9;2011;1;1;2012;"Jan,Apr,Jul,Oct";Sep 2011;"SH"
"932";932;"a";"a";15700;NA;NA;1;13;2010;"Jan,Apr,Jul,Oct";NA;"BY"
"933";933;"a";"c";6270;2;2005;0;NA;NA;"";Feb 2005;"SN"
"934";934;"a";"c";5460;NA;NA;1;14;2011;"Jan,Apr,Jul,Oct";NA;"NW"
"935";935;"a";"c";22350;6;2010;0;NA;NA;"";Jun 2010;"SH"
"936";936;"a";"a";580;2;2008;0;NA;NA;"";Feb 2008;"NW"
"937";937;"d";"a";2810;NA;NA;1;10;2014;"Jan,Apr,Jul,Oct";NA;"HE"
"938";938;"a";"a";2820;9;2009;0;NA;NA;"";Sep 2009;"BE"
"939";939;"d";"a";1340;NA;NA;0;NA;NA;"";NA;"NW"
"940";940;"d";"c";6470;9;2012;0;NA;NA;"";Sep 2012;"SN"
"941";941;"a";"a";1200;12;2011;1;31;2013;"Jan,Apr,Jul,Oct";Dec 2011;"BY"
"942";942;"d";"c";6860;NA;NA;1;18;2011;"Jan,Apr,Jul,Oct";NA;"HE"
"943";943;"d";"c";18020;NA;NA;0;NA;NA;"";NA;"NW"
"944";944;"c";"a";1670;NA;NA;0;NA;NA;"";NA;"BE"
"945";945;"a";"c";12480;3;2011;0;NA;NA;"";Mar 2011;"SH"
"946";946;"a";"a";2220;12;2011;1;14;2015;"Jan,Apr,Jul,Oct";Dec 2011;"RP"
"947";947;"a";"a";460;3;2014;1;13;2010;"Jan,Apr,Jul,Oct";Mar 2014;"BW"
"948";948;"b";"b";1430;NA;NA;0;NA;NA;"";NA;"BW"
"949";949;"a";"a";870;3;2006;0;NA;NA;"";Mar 2006;"HB, NI"
"950";950;"a";"a";8460;11;1994;0;NA;NA;"";Nov 1994;"BW"
"951";951;"d";"c";710;NA;NA;1;40;2011;"Jan,Apr,Jul,Oct";NA;"NW"
"952";952;"d";"c";6300;10;2013;0;NA;NA;"";Oct 2013;"BY"
"953";953;"a";"a";19830;4;2006;1;22;2011;"Mar,Jun,Sept,Dec";Apr 2006;"TH"
"954";954;"a";"a";390;2;2013;1;10;2014;"Jan,Apr,Jul,Oct";Feb 2013;"NW"
"955";955;"d";"c";1690;7;2009;1;36;2013;"Mar,Jun,Sept,Dec";Jul 2009;"NW"
"956";956;"a";"a";2330;10;2014;1;18;2011;"Feb,May,Aug,Nov";Oct 2014;"NW"
"957";957;"d";"c";1420;11;2012;0;NA;NA;"";Nov 2012;"HB, NI"
"958";958;"a";"a";440;11;2013;0;NA;NA;"";Nov 2013;"HB, NI"
"959";959;"a";"c";1060;12;2005;0;NA;NA;"";Dec 2005;"HB, NI"
"960";960;"d";"a";8990;NA;NA;1;31;2009;"Feb,May,Aug,Nov";NA;"HE"
"961";961;"d";"c";9430;NA;NA;0;NA;NA;"";NA;"NW"
"962";962;"c";"a";260;NA;NA;0;NA;NA;"";NA;"NW"
"963";963;"a";"c";23620;11;2013;0;NA;NA;"";Nov 2013;"SN"
"964";964;"a";"a";270;NA;NA;1;5;2013;"Feb,May,Aug,Nov";NA;"BW"
"965";965;"a";"c";110;NA;NA;0;NA;NA;"";NA;"HE"
"966";966;"a";"a";760;2;2008;0;NA;NA;"";Feb 2008;"NW"
"967";967;"a";"c";3560;9;2013;1;36;2013;"Jan,Apr,Jul,Oct";Sep 2013;"NW"
"968";968;"c";"a";1190;NA;NA;0;NA;NA;"";NA;"SN"
"969";969;"a";"c";600;11;1999;1;10;2013;"Jan,Apr,Jul,Oct";Nov 1999;"BW"
"970";970;"a";"a";910;12;2014;1;37;2009;"Jan,Apr,Jul,Oct";Dec 2014;"HE"
"971";971;"c";"a";1140;5;2011;1;14;2012;"Mar,Jun,Sept,Dec";May 2011;"TH"
"972";972;"a";"a";14960;NA;NA;0;NA;NA;"";NA;"ST"
"973";973;"d";"c";330;NA;NA;1;28;2012;"Jan,Apr,Jul,Oct";NA;"NW"
"974";974;"a";"a";150;3;2011;1;40;2014;"Jan,Apr,Jul,Oct";Mar 2011;"BY"
"975";975;"a";"c";9630;NA;NA;1;14;2011;"Jan,Apr,Jul,Oct";NA;"NW"
"976";976;"a";"a";4180;NA;NA;0;NA;NA;"";NA;"NW"
"977";977;"a";"a";520;9;2005;1;13;2010;"Jan,Apr,Jul,Oct";Sep 2005;"BY"
"978";978;"c";"c";3890;NA;NA;0;NA;NA;"";NA;"SN"
"979";979;"a";"c";2270;11;2005;1;14;2011;"Jan,Apr,Jul,Oct";Nov 2005;"TH"
"980";980;"a";"a";4420;9;2005;0;NA;NA;"";Sep 2005;"NW"
"981";981;"d";"c";2620;11;2002;0;NA;NA;"";Nov 2002;"ST"
"982";982;"d";"a";21930;NA;NA;0;NA;NA;"";NA;"SN"
"983";983;"a";"a";40;3;2014;1;1;2014;"Jan,Apr,Jul,Oct";Mar 2014;"NW"
"984";984;"c";"a";440;NA;NA;1;1;2013;"Jan,Apr,Jul,Oct";NA;"NW"
"985";985;"c";"c";490;5;2007;1;13;2010;"Jan,Apr,Jul,Oct";May 2007;"BW"
"986";986;"a";"a";620;10;2014;1;18;2014;"Feb,May,Aug,Nov";Oct 2014;"NW"
"987";987;"c";"a";1690;6;2007;0;NA;NA;"";Jun 2007;"HB, NI"
"988";988;"a";"a";30;11;2012;0;NA;NA;"";Nov 2012;"SH"
"989";989;"a";"a";1640;6;2006;1;40;2011;"Jan,Apr,Jul,Oct";Jun 2006;"BY"
"990";990;"d";"a";20930;NA;NA;0;NA;NA;"";NA;"SN"
"991";991;"a";"a";1010;NA;NA;0;NA;NA;"";NA;"NW"
"992";992;"a";"a";2480;7;1990;0;NA;NA;"";Jul 1990;"NW"
"993";993;"d";"c";3460;10;2013;1;10;2014;"Jan,Apr,Jul,Oct";Oct 2013;"SN"
"994";994;"a";"a";2290;7;2011;1;1;2012;"Jan,Apr,Jul,Oct";Jul 2011;"NW"
"995";995;"d";"a";6560;12;2013;0;NA;NA;"";Dec 2013;"SN"
"996";996;"c";"a";2870;NA;NA;1;13;2010;"Jan,Apr,Jul,Oct";NA;"SN"
"997";997;"d";"c";5840;7;2010;1;37;2009;"Jan,Apr,Jul,Oct";Jul 2010;"HE"
"998";998;"a";"a";780;9;2005;1;5;2013;"Feb,May,Aug,Nov";Sep 2005;"BW"
"999";999;"d";"c";15140;2;2002;1;37;2009;"Jan,Apr,Jul,Oct";Feb 2002;"SN"
"1000";1000;"a";"c";2230;5;2009;1;40;2014;"Jan,Apr,Jul,Oct";May 2009;"BY"
"1001";1001;"c";"a";19640;NA;NA;1;14;2011;"Jan,Apr,Jul,Oct";NA;"TH"
"1002";1002;"d";"c";1130;11;2008;0;NA;NA;"";Nov 2008;"HB, NI"
"1003";1003;"a";"a";170;7;2013;1;27;2013;"Jan,Apr,Jul,Oct";Jul 2013;"NW"
"1004";1004;"d";"c";970;NA;NA;1;9;2011;"Mar,Jun,Sept,Dec";NA;"BY"
"1005";1005;"a";"a";6480;NA;NA;0;NA;NA;"";NA;"NW"
"1006";1006;"c";"c";3890;11;2006;1;5;2013;"Feb,May,Aug,Nov";Nov 2006;"ST"
"1007";1007;"c";"c";4180;9;2012;0;NA;NA;"";Sep 2012;"SH"
"1008";1008;"a";"c";30;9;2010;0;NA;NA;"";Sep 2010;"HH"
"1009";1009;"a";"a";230;7;2004;1;10;2014;"Jan,Apr,Jul,Oct";Jul 2004;"BY"
"1010";1010;"d";"c";4610;6;2010;1;18;2010;"Feb,May,Aug,Nov";Jun 2010;"SH"
"1011";1011;"a";"c";490;9;2012;1;18;2011;"Feb,May,Aug,Nov";Sep 2012;"NW"
"1012";1012;"d";"c";6330;6;2004;1;39;2010;"Jan,Apr,Jul,Oct";Jun 2004;"BY"
"1013";1013;"a";"a";630;NA;NA;1;31;2013;"Feb,May,Aug,Nov";NA;"NW"
"1014";1014;"a";"c";210;NA;NA;1;31;2013;"Jan,Apr,Jul,Oct";NA;"NW"
"1015";1015;"d";"c";9910;12;2010;1;9;2011;"Mar,Jun,Sept,Dec";Dec 2010;"RP"
"1016";1016;"c";"c";550;NA;NA;1;35;2010;"Mar,Jun,Sept,Dec";NA;"NW"
"1017";1017;"c";"a";110;11;2008;0;NA;NA;"";Nov 2008;"SN"
"1018";1018;"c";"c";140;9;2012;0;NA;NA;"";Sep 2012;"HB, NI"
"1019";1019;"d";"c";2740;7;2014;1;13;2010;"Jan,Apr,Jul,Oct";Jul 2014;"BY"
"1020";1020;"a";"a";40;NA;NA;0;NA;NA;"";NA;"HE"
"1021";1021;"a";"a";1080;5;2011;0;NA;NA;"";May 2011;"HB, NI"
"1022";1022;"a";"c";1520;NA;NA;0;NA;NA;"";NA;"NW"
"1023";1023;"c";"a";3740;2;2002;1;14;2011;"Jan,Apr,Jul,Oct";Feb 2002;"SN"
"1024";1024;"c";"c";1990;1;2012;0;NA;NA;"";Jan 2012;"SH"
"1025";1025;"a";"a";720;11;2009;0;NA;NA;"";Nov 2009;"RP"
"1026";1026;"c";"a";450;6;2011;1;48;2012;"Mar,Jun,Sept,Dec";Jun 2011;"NW"
"1027";1027;"a";"c";190;6;2008;1;40;2011;"Jan,Apr,Jul,Oct";Jun 2008;"BY"
"1028";1028;"a";"a";150;NA;NA;1;31;2013;"Jan,Apr,Jul,Oct";NA;"NW"
"1029";1029;"a";"a";1590;3;2006;0;NA;NA;"";Mar 2006;"ST"
"1030";1030;"a";"a";36410;4;2008;0;NA;NA;"";Apr 2008;"ST"
"1031";1031;"d";"a";590;5;2001;0;NA;NA;"";May 2001;"NW"
"1032";1032;"d";"c";270;2;2013;1;40;2012;"Jan,Apr,Jul,Oct";Feb 2013;"ST"
"1033";1033;"a";"a";7680;3;2006;0;NA;NA;"";Mar 2006;"HB, NI"
"1034";1034;"a";"a";13750;NA;NA;0;NA;NA;"";NA;"SN"
"1035";1035;"a";"a";27150;NA;NA;0;NA;NA;"";NA;"SN"
"1036";1036;"d";"c";9560;NA;NA;1;36;2013;"Jan,Apr,Jul,Oct";NA;"NW"
"1037";1037;"a";"c";150;NA;NA;0;NA;NA;"";NA;"NW"
"1038";1038;"d";"a";17290;10;2013;0;NA;NA;"";Oct 2013;"BY"
"1039";1039;"a";"c";70;6;1990;1;22;2012;"Mar,Jun,Sept,Dec";Jun 1990;"NW"
"1040";1040;"a";"a";4030;2;2013;1;10;2014;"Jan,Apr,Jul,Oct";Feb 2013;"NW"
"1041";1041;"c";"a";1600;8;2013;1;40;2014;"Jan,Apr,Jul,Oct";Aug 2013;"BY"
"1042";1042;"a";"a";3440;NA;NA;1;31;2013;"Feb,May,Aug,Nov";NA;"NW"
"1043";1043;"c";"a";420;3;2006;0;NA;NA;"";Mar 2006;"ST"
"1044";1044;"c";"a";240;NA;NA;1;13;2010;"Jan,Apr,Jul,Oct";NA;"BW"
"1045";1045;"a";"c";26990;12;2013;0;NA;NA;"";Dec 2013;"SH"
"1046";1046;"d";"c";29070;4;2005;0;NA;NA;"";Apr 2005;"ST"
"1047";1047;"a";"a";3750;NA;NA;1;45;2009;"Feb,May,Aug,Nov";NA;"NW"
"1048";1048;"d";"c";1860;9;2012;1;40;2012;"Jan,Apr,Jul,Oct";Sep 2012;"SH"
"1049";1049;"a";"a";370;7;2012;1;14;2011;"Jan,Apr,Jul,Oct";Jul 2012;"BY"
"1050";1050;"d";"c";13170;8;2014;1;9;2011;"Mar,Jun,Sept,Dec";Aug 2014;"HE"
"1051";1051;"c";"a";200;7;1998;1;1;2012;"Jan,Apr,Jul,Oct";Jul 1998;"BW"
"1052";1052;"a";"c";5080;NA;NA;1;31;2013;"Feb,May,Aug,Nov";NA;"NW"
"1053";1053;"a";"a";1710;NA;NA;0;NA;NA;"";NA;"BE"
"1054";1054;"a";"c";13190;NA;NA;1;45;2013;"Feb,May,Aug,Nov";NA;"SH"
"1055";1055;"c";"a";1980;4;2009;0;NA;NA;"";Apr 2009;"HB, NI"
"1056";1056;"d";"c";5350;NA;NA;1;40;2012;"Jan,Apr,Jul,Oct";NA;"BY"
"1057";1057;"d";"c";3230;11;2011;0;NA;NA;"";Nov 2011;"SH"
"1058";1058;"a";"c";180;NA;NA;1;35;2010;"Mar,Jun,Sept,Dec";NA;"NW"
"1059";1059;"c";"a";3380;4;2013;0;NA;NA;"";Apr 2013;"HH"
"1060";1060;"a";"c";3430;NA;NA;1;31;2013;"Feb,May,Aug,Nov";NA;"NW"
"1061";1061;"d";"c";8110;NA;NA;0;NA;NA;"";NA;"BW"
"1062";1062;"d";"a";190;9;2012;1;40;2012;"Feb,May,Aug,Nov";Sep 2012;"RP"
"1063";1063;"a";"c";6250;NA;NA;0;NA;NA;"";NA;"HH"
"1064";1064;"a";"c";420;NA;NA;0;NA;NA;"";NA;"NW"
"1065";1065;"a";"a";1290;NA;NA;1;35;2011;"Mar,Jun,Sept,Dec";NA;"BY"
"1066";1066;"a";"a";3350;NA;NA;0;NA;NA;"";NA;"NW"
"1067";1067;"d";"c";12020;7;2009;0;NA;NA;"";Jul 2009;"BY"
"1068";1068;"d";"c";5010;NA;NA;1;5;2013;"Jan,Apr,Jul,Oct";NA;"BW"
"1069";1069;"a";"c";18050;NA;NA;1;14;2011;"Jan,Apr,Jul,Oct";NA;"TH"
"1070";1070;"c";"c";400;10;2008;0;NA;NA;"";Oct 2008;"BE"
"1071";1071;"a";"a";820;3;2012;1;35;2012;"Mar,Jun,Sept,Dec";Mar 2012;"SH"
"1072";1072;"a";"c";5380;NA;NA;1;5;2010;"Feb,May,Aug,Nov";NA;"NW"
"1073";1073;"a";"c";1710;NA;NA;1;44;2012;"Jan,Apr,Jul,Oct";NA;"NW"
"1074";1074;"c";"c";3330;10;2001;1;14;2011;"Jan,Apr,Jul,Oct";Oct 2001;"SN"
"1075";1075;"a";"c";1410;10;2013;0;NA;NA;"";Oct 2013;"HB, NI"
"1076";1076;"a";"c";90;NA;NA;1;1;2013;"Jan,Apr,Jul,Oct";NA;"NW"
"1077";1077;"a";"a";3750;11;2001;1;35;2010;"Mar,Jun,Sept,Dec";Nov 2001;"NW"
"1078";1078;"d";"c";670;NA;NA;1;40;2011;"Jan,Apr,Jul,Oct";NA;"BW"
"1079";1079;"a";"a";16680;NA;NA;1;37;2009;"Jan,Apr,Jul,Oct";NA;"HE"
"1080";1080;"a";"a";2410;NA;NA;1;40;2014;"Jan,Apr,Jul,Oct";NA;"BY"
"1081";1081;"b";"a";400;3;2006;0;NA;NA;"";Mar 2006;"HB, NI"
"1082";1082;"c";"a";440;4;2002;0;NA;NA;"";Apr 2002;"SN"
"1083";1083;"d";"c";11540;NA;NA;1;5;2013;"Feb,May,Aug,Nov";NA;"HE"
"1084";1084;"a";"a";190;NA;NA;1;13;2010;"Jan,Apr,Jul,Oct";NA;"HE"
"1085";1085;"c";"a";4030;NA;NA;0;NA;NA;"";NA;"HB, NI"
"1086";1086;"a";"a";180;11;2013;1;18;2011;"Feb,May,Aug,Nov";Nov 2013;"HE"
"1087";1087;"d";"c";2210;11;2011;0;NA;NA;"";Nov 2011;"BE"
"1088";1088;"a";"a";4300;3;2009;1;27;2013;"Jan,Apr,Jul,Oct";Mar 2009;"NW"
"1089";1089;"d";"a";5220;5;2009;0;NA;NA;"";May 2009;"NW"
"1090";1090;"a";"a";330;NA;NA;1;14;2011;"Jan,Apr,Jul,Oct";NA;"SN"
"1091";1091;"a";"c";9990;NA;NA;0;NA;NA;"";NA;"SH"
"1092";1092;"a";"a";300;7;2000;1;40;2014;"Jan,Apr,Jul,Oct";Jul 2000;"BY"
"1093";1093;"c";"c";10450;6;2009;0;NA;NA;"";Jun 2009;"SN"
"1094";1094;"d";"a";2380;3;2013;1;40;2014;"Jan,Apr,Jul,Oct";Mar 2013;"BY"
"1095";1095;"a";"a";690;6;2007;1;14;2011;"Jan,Apr,Jul,Oct";Jun 2007;"TH"
"1096";1096;"a";"c";1130;NA;NA;1;10;2014;"Mar,Jun,Sept,Dec";NA;"NW"
"1097";1097;"b";"b";720;3;2002;0;NA;NA;"";Mar 2002;"RP"
"1098";1098;"a";"a";1830;11;2004;0;NA;NA;"";Nov 2004;"SN"
"1099";1099;"a";"c";200;4;2013;1;14;2013;"Jan,Apr,Jul,Oct";Apr 2013;"SH"
"1100";1100;"a";"a";540;NA;NA;1;14;2011;"Jan,Apr,Jul,Oct";NA;"NW"
"1101";1101;"d";"c";4060;9;2012;0;NA;NA;"";Sep 2012;"SH"
"1102";1102;"a";"a";850;11;2012;1;40;2014;"Jan,Apr,Jul,Oct";Nov 2012;"BY"
"1103";1103;"d";"c";1340;10;2006;1;5;2013;"Feb,May,Aug,Nov";Oct 2006;"HE"
"1104";1104;"d";"a";260;2;2012;1;14;2011;"Jan,Apr,Jul,Oct";Feb 2012;"BY"
"1105";1105;"c";"c";330;11;2008;1;5;2013;"Feb,May,Aug,Nov";Nov 2008;"NW"
"1106";1106;"a";"c";5330;9;2011;1;31;2013;"Jan,Apr,Jul,Oct";Sep 2011;"SH"
"1107";1107;"a";"a";1400;6;2012;1;13;2010;"Jan,Apr,Jul,Oct";Jun 2012;"BY"
"1108";1108;"a";"a";540;4;2004;0;NA;NA;"";Apr 2004;"SN"
"1109";1109;"c";"a";3490;4;2011;1;22;2012;"Jan,Apr,Jul,Oct";Apr 2011;"BY"
"1110";1110;"c";"c";900;9;2010;0;NA;NA;"";Sep 2010;"HB, NI"
"1111";1111;"a";"a";1900;6;2014;1;31;2013;"Jan,Apr,Jul,Oct";Jun 2014;"NW"
"1112";1112;"c";"c";1880;4;2006;0;NA;NA;"";Apr 2006;"NW"
"1113";1113;"a";"c";9260;NA;NA;0;NA;NA;"";NA;"SH"
"1114";1114;"a";"c";870;NA;NA;0;NA;NA;"";NA;"HH"
"1115";1115;"d";"c";5350;NA;NA;1;22;2012;"Mar,Jun,Sept,Dec";NA;"HE"
